id,name,seq,Exosome,Cytoplasm,Mitochondrion,Microvesicle,Circulating,Nucleus
0,hsa-miR-363-3p,AAUUGCACGGUAUCCAUCUGUA,1,1,1,1,1,0
1,hsa-miR-192-3p,CUGCCAAUUCCAUAGGUCACAG,1,0,0,0,0,0
2,hsa-miR-1304-3p,UCUCACUGUAGCCUCGAACCCC,1,0,0,0,1,0
3,hsa-miR-1180-3p,UUUCCGGCUCGCGUGGGUGUGU,1,0,1,0,1,1
4,hsa-miR-135a-3p,UAUAGGGAUUGGAGCCGUGGCG,1,0,0,1,0,0
5,hsa-miR-1254,AGCCUGGAAGCUGGAGCCUGCAGU,1,1,1,1,1,1
6,hsa-miR-200b-3p,UAAUACUGCCUGGUAAUGAUGA,1,1,0,1,1,1
7,hsa-miR-19b-2-5p,AGUUUUGCAGGUUUGCAUUUCA,0,0,0,0,0,1
8,hsa-miR-34c-5p,AGGCAGUGUAGUUAGCUGAUUGC,1,0,1,1,1,1
9,hsa-miR-873-3p,GGAGACUGAUGAGUUCCCGGGA,1,0,0,1,1,0
10,hsa-miR-1269b,CUGGACUGAGCCAUGCUACUGG,0,0,1,0,0,0
11,hsa-miR-3120-5p,CCUGUCUGUGCCUGCUGUACA,1,0,0,0,0,0
12,hsa-miR-133a-3p,UUUGGUCCCCUUCAACCAGCUG,1,0,1,1,1,0
13,hsa-miR-510-3p,AUUGAAACCUCUAAGAGUGGA,1,0,0,0,0,0
14,hsa-miR-1202,GUGCCAGCUGCAGUGGGGGAG,1,0,0,0,1,0
15,hsa-miR-3663-3p,UGAGCACCACACAGGCCGGGCGC,0,0,0,0,1,0
16,hsa-miR-520f-3p,AAGUGCUUCCUUUUAGAGGGUU,1,0,0,0,0,1
17,hsa-miR-19a-5p,AGUUUUGCAUAGUUGCACUACA,0,0,0,1,0,0
18,hsa-miR-647,GUGGCUGCACUCACUUCCUUC,1,0,0,0,0,0
19,hsa-miR-195-3p,CCAAUAUUGGCUGUGCUGCUCC,1,0,0,0,0,0
20,hsa-miR-451b,UAGCAAGAGAACCAUUACCAUU,1,0,0,0,0,0
21,hsa-miR-3125,UAGAGGAAGCUGUGGAGAGA,0,0,0,0,1,0
22,hsa-miR-210-3p,CUGUGCGUGUGACAGCGGCUGA,1,1,1,1,1,1
23,hsa-miR-378b,ACUGGACUUGGAGGCAGAA,0,0,0,1,1,0
24,hsa-miR-3677-3p,CUCGUGGGCUCUGGCCACGGCC,1,0,0,0,1,0
25,hsa-miR-629-5p,UGGGUUUACGUUGGGAGAACU,1,1,1,1,1,1
26,hsa-miR-3662,GAAAAUGAUGAGUAGUGACUGAUG,1,0,1,0,0,0
27,hsa-miR-18b-3p,UGCCCUAAAUGCCCCUUCUGGC,1,0,0,0,0,0
28,hsa-miR-200a-5p,CAUCUUACCGGACAGUGCUGGA,1,0,0,0,0,0
29,hsa-miR-5010-3p,UUUUGUGUCUCCCAUUCCCCAG,1,0,0,0,0,0
30,hsa-let-7i-5p,UGAGGUAGUAGUUUGUGCUGUU,1,1,1,1,1,1
31,hsa-miR-345-5p,GCUGACUCCUAGUCCAGGGCUC,1,1,0,1,1,1
32,hsa-miR-26a-2-3p,CCUAUUCUUGAUUACUUGUUUC,1,0,0,0,0,1
33,hsa-miR-504-3p,GGGAGUGCAGGGCAGGGUUUC,1,0,0,0,0,1
34,hsa-miR-520d-3p,AAAGUGCUUCUCUUUGGUGGGU,1,0,0,0,0,0
35,hsa-miR-125a-3p,ACAGGUGAGGUUCUUGGGAGCC,1,1,1,1,0,1
36,hsa-miR-1228-3p,UCACACCUGCCUCGCCCCCC,1,0,0,1,0,0
37,hsa-miR-571,UGAGUUGGCCAUCUGAGUGAG,1,0,0,0,0,0
38,hsa-miR-19b-1-5p,AGUUUUGCAGGUUUGCAUCCAGC,1,0,0,1,0,1
39,hsa-miR-1911-3p,CACCAGGCAUUGUGGUCUCC,1,0,0,0,0,0
40,hsa-miR-1273d,GAACCCAUGAGGUUGAGGCUGCAGU,1,0,1,0,0,0
41,hsa-miR-124-5p,CGUGUUCACAGCGGACCUUGAU,1,0,1,0,0,0
42,hsa-miR-124-3p,UAAGGCACGCGGUGAAUGCC,1,0,1,1,1,0
43,hsa-miR-939-5p,UGGGGAGCUGAGGCUCUGGGGGUG,1,0,0,1,1,0
44,hsa-miR-4685-3p,UCUCCCUUCCUGCCCUGGCUAG,1,0,0,0,0,0
45,hsa-miR-96-5p,UUUGGCACUAGCACAUUUUUGCU,1,1,1,1,1,1
46,hsa-miR-7-2-3p,CAACAAAUCCCAGUCUACCUAA,0,0,0,0,0,1
47,hsa-miR-874-5p,CGGCCCCACGCACCAGGGUAAGA,1,0,0,0,1,1
48,hsa-miR-634,AACCAGCACCCCAACUUUGGAC,1,0,0,0,0,0
49,hsa-miR-585-5p,CUAGCACACAGAUACGCCCAGA,1,0,0,0,0,0
50,hsa-miR-377-5p,AGAGGUUGCCCUUGGUGAAUUC,1,0,0,1,1,0
51,hsa-miR-1306-5p,CCACCUCCCCUGCAAACGUCCA,1,0,1,0,0,0
52,hsa-miR-548d-5p,AAAAGUAAUUGUGGUUUUUGCC,1,0,0,0,0,0
53,hsa-miR-3620-3p,UCACCCUGCAUCCCGCACCCAG,1,0,0,0,0,0
54,hsa-miR-1277-5p,AAAUAUAUAUAUAUAUGUACGUAU,1,0,0,0,0,0
55,hsa-miR-608,AGGGGUGGUGUUGGGACAGCUCCGU,1,0,0,0,0,0
56,hsa-miR-421,AUCAACAGACAUUAAUUGGGCGC,1,1,1,1,1,1
57,hsa-miR-516a-5p,UUCUCGAGGAAAGAAGCACUUUC,0,0,0,0,0,1
58,hsa-miR-203a-3p,GUGAAAUGUUUAGGACCACUAG,1,1,0,1,1,1
59,hsa-miR-224-5p,CAAGUCACUAGUGGUUCCGUU,1,1,1,0,1,1
60,hsa-miR-3617-5p,AAAGACAUAGUUGCAAGAUGGG,1,0,0,0,0,0
61,hsa-miR-3141,GAGGGCGGGUGGAGGAGGA,0,0,0,1,0,0
62,hsa-miR-181a-5p,AACAUUCAACGCUGUCGGUGAGU,1,1,1,1,1,1
63,hsa-miR-3613-5p,UGUUGUACUUUUUUUUUUGUUC,1,0,0,0,0,0
64,hsa-miR-4525,GGGGGGAUGUGCAUGCUGGUU,0,0,1,0,0,0
65,hsa-miR-144-5p,GGAUAUCAUCAUAUACUGUAAG,1,0,0,0,1,0
66,hsa-miR-3653-3p,CUAAGAAGUUGACUGAAG,0,0,1,0,0,0
67,hsa-miR-1268b,CGGGCGUGGUGGUGGGGGUG,0,0,1,0,0,0
68,hsa-miR-575,GAGCCAGUUGGACAGGAGC,1,0,0,1,0,0
69,hsa-miR-3915,UUGAGGAAAAGAUGGUCUUAUU,1,0,0,0,0,0
70,hsa-miR-1225-5p,GUGGGUACGGCCCAGUGGGGGG,1,0,0,0,0,0
71,hsa-miR-98-5p,UGAGGUAGUAAGUUGUAUUGUU,1,1,1,1,1,1
72,hsa-miR-30a-5p,UGUAAACAUCCUCGACUGGAAG,1,1,1,1,1,1
73,hsa-miR-487b-5p,GUGGUUAUCCCUGUCCUGUUCG,1,0,0,0,1,0
74,hsa-miR-548x-5p,UGCAAAAGUAAUUGCAGUUUUUG,0,0,0,0,1,0
75,hsa-miR-4772-5p,UGAUCAGGCAAAAUUGCAGACU,1,0,0,0,0,0
76,hsa-miR-450a-2-3p,AUUGGGGACAUUUUGCAUUCAU,1,0,0,0,0,1
77,hsa-miR-524-5p,CUACAAAGGGAAGCACUUUCUC,1,0,0,0,1,0
78,hsa-miR-548e-5p,CAAAAGCAAUCGCGGUUUUUGC,1,0,0,0,0,1
79,hsa-miR-1226-5p,GUGAGGGCAUGCAGGCCUGGAUGGGG,1,0,0,0,0,0
80,hsa-miR-128-1-5p,CGGGGCCGUAGCACUGUCUGAGA,1,1,1,0,0,1
81,hsa-miR-143-5p,GGUGCAGUGCUGCAUCUCUGGU,1,0,0,1,0,0
82,hsa-miR-1231,GUGUCUGGGCGGACAGCUGC,1,0,0,0,0,0
83,hsa-miR-1278,UAGUACUGUGCAUAUCAUCUAU,0,1,0,0,0,1
84,hsa-miR-675-5p,UGGUGCGGAGAGGGCCCACAGUG,1,1,0,1,1,1
85,hsa-miR-627-5p,GUGAGUCUCUAAGAAAAGAGGA,1,0,0,0,0,1
86,hsa-miR-517b-3p,AUCGUGCAUCCCUUUAGAGUGU,1,0,0,0,0,0
87,hsa-miR-16-5p,UAGCAGCACGUAAAUAUUGGCG,1,1,1,1,1,1
88,hsa-miR-26b-3p,CCUGUUCUCCAUUACUUGGCUC,1,0,0,1,1,0
89,hsa-miR-1909-5p,UGAGUGCCGGUGCCUGCCCUG,1,0,0,0,0,0
90,hsa-miR-411-5p,UAGUAGACCGUAUAGCGUACG,1,0,1,1,1,0
91,hsa-miR-125b-1-3p,ACGGGUUAGGCUCUUGGGAGCU,1,0,0,1,1,1
92,hsa-miR-543,AAACAUUCGCGGUGCACUUCUU,1,0,1,0,0,0
93,hsa-miR-3909,UGUCCUCUAGGGCCUGCAGUCU,1,0,0,0,0,0
94,hsa-miR-125a-5p,UCCCUGAGACCCUUUAACCUGUGA,1,1,1,1,1,1
95,hsa-miR-302b-5p,ACUUUAACAUGGAAGUGCUUUC,1,0,0,0,0,0
96,hsa-miR-545-3p,UCAGCAAACAUUUAUUGUGUGC,1,0,0,0,0,1
97,hsa-miR-618,AAACUCUACUUGUCCUUCUGAGU,1,0,0,0,1,0
98,hsa-miR-550a-5p,AGUGCCUGAGGGAGUAAGAGCCC,1,0,0,0,0,0
99,hsa-miR-548h-5p,AAAAGUAAUCGCGGUUUUUGUC,0,0,1,0,1,0
100,hsa-miR-1343-3p,CUCCUGGGGCCCGCACUCUCGC,1,0,0,0,0,0
101,hsa-miR-1301-5p,CGCUCUAGGCACCGCAGCA,0,0,1,0,0,1
102,hsa-miR-3620-5p,GUGGGCUGGGCUGGGCUGGGCC,0,0,0,0,1,0
103,hsa-miR-138-1-3p,GCUACUUCACAACACCAGGGCC,1,0,0,0,0,1
104,hsa-miR-382-3p,AAUCAUUCACGGACAACACUU,1,0,0,0,1,0
105,hsa-miR-4433a-3p,ACAGGAGUGGGGGUGGGACAU,1,0,0,0,1,0
106,hsa-miR-328-5p,GGGGGGGCAGGAGGGGCUCAGGG,1,0,1,0,1,1
107,hsa-miR-28-5p,AAGGAGCUCACAGUCUAUUGAG,1,1,1,1,1,1
108,hsa-miR-642a-5p,GUCCCUCUCCAAAUGUGUCUUG,1,0,0,1,0,0
109,hsa-miR-30a-3p,CUUUCAGUCGGAUGUUUGCAGC,1,0,1,1,1,0
110,hsa-miR-1256,AGGCAUUGACUUCUCACUAGCU,1,0,0,0,0,0
111,hsa-miR-3065-3p,UCAGCACCAGGAUAUUGUUGGAG,0,0,0,0,0,1
112,hsa-miR-423-3p,AGCUCGGUCUGAGGCCCCUCAGU,1,1,1,1,1,1
113,hsa-miR-100-3p,CAAGCUUGUAUCUAUAGGUAUG,0,0,0,1,0,0
114,hsa-miR-598-5p,GCGGUGAUCCCGAUGGUGUGAGC,0,0,1,0,1,0
115,hsa-miR-3605-5p,UGAGGAUGGAUAGCAAGGAAGCC,0,0,1,0,0,0
116,hsa-miR-1301-3p,UUGCAGCUGCCUGGGAGUGACUUC,0,1,0,0,1,1
117,hsa-miR-621,GGCUAGCAACAGCGCUUACCU,1,0,0,0,0,0
118,hsa-miR-1227-3p,CGUGCCACCCUUUUCCCCAG,1,0,0,1,0,0
119,hsa-miR-191-3p,GCUGCGCUUGGAUUUCGUCCCC,1,0,0,0,0,0
120,hsa-miR-2278,GAGAGCAGUGUGUGUUGCCUGG,1,0,0,0,0,0
121,hsa-miR-302b-3p,UAAGUGCUUCCAUGUUUUAGUAG,1,0,0,1,1,0
122,hsa-miR-1915-3p,CCCCAGGGCGACGCGGCGGG,1,0,0,1,1,0
123,hsa-miR-637,ACUGGGGGCUUUCGGGCUCUGCGU,1,0,0,0,0,0
124,hsa-miR-450a-1-3p,AUUGGGAACAUUUUGCAUGUAU,1,0,0,0,0,1
125,hsa-miR-494-5p,AGGUUGUCCGUGUUGUCUUCUCU,1,0,1,1,0,0
126,hsa-miR-518a-3p,GAAAGCGCUUCCCUUUGCUGGA,1,0,0,0,0,0
127,hsa-miR-4433a-5p,CGUCCCACCCCCCACUCCUGU,1,0,0,0,0,0
128,hsa-miR-942-5p,UCUUCUCUGUUUUGGCCAUGUG,1,1,0,0,1,1
129,hsa-miR-548av-5p,AAAAGUACUUGCGGAUUU,0,0,0,0,1,0
130,hsa-miR-3690,ACCUGGACCCAGCGUAGACAAAG,0,0,0,0,1,0
131,hsa-miR-378i,ACUGGACUAGGAGUCAGAAGG,0,0,0,0,1,0
132,hsa-miR-4517,AAAUAUGAUGAAACUCACAGCUGAG,1,0,0,0,0,0
133,hsa-miR-208b-5p,AAGCUUUUUGCUCGAAUUAUGU,1,0,0,0,1,0
134,hsa-miR-514a-3p,AUUGACACUUCUGUGAGUAGA,1,0,0,0,0,0
135,hsa-miR-509-5p,UACUGCAGACAGUGGCAAUCA,0,0,0,1,1,0
136,hsa-miR-487b-3p,AAUCGUACAGGGUCAUCCACUU,1,0,0,0,1,0
137,hsa-miR-105-3p,ACGGAUGUUUGAGCAUGUGCUA,1,0,0,0,0,1
138,hsa-miR-325,CCUAGUAGGUGUCCAGUAAGUGU,1,0,0,0,0,0
139,hsa-miR-1298-5p,UUCAUUCGGCUGUCCAGAUGUA,1,0,0,0,1,0
140,hsa-miR-340-3p,UCCGUCUCAGUUACUUUAUAGC,1,0,0,1,1,0
141,hsa-miR-182-5p,UUUGGCAAUGGUAGAACUCACACU,1,1,1,1,1,1
142,hsa-miR-1257,AGUGAAUGAUGGGUUCUGACC,0,0,0,0,0,1
143,hsa-miR-411-3p,UAUGUAACACGGUCCACUAACC,1,0,0,0,0,0
144,hsa-miR-650,AGGAGGCAGCGCUCUCAGGAC,1,0,0,0,0,0
145,hsa-miR-1307-3p,ACUCGGCGUGGCGUCGGUCGUG,1,1,1,1,1,1
146,hsa-miR-1262,AUGGGUGAAUUUGUAGAAGGAU,0,0,1,0,1,1
147,hsa-miR-660-5p,UACCCAUUGCAUAUCGGAGUUG,1,1,1,1,1,1
148,hsa-miR-372-3p,AAAGUGCUGCGACAUUUGAGCGU,1,0,0,0,1,0
149,hsa-miR-518a-5p,CUGCAAAGGGAAGCCCUUUC,1,0,0,0,0,0
150,hsa-miR-130a-5p,UUCACAUUGUGCUACUGUCUGC,1,0,0,1,0,0
151,hsa-miR-654-5p,UGGUGGGCCGCAGAACAUGUGC,1,0,1,1,0,0
152,hsa-miR-518f-3p,GAAAGCGCUUCUCUUUAGAGG,1,0,0,0,1,0
153,hsa-miR-20a-3p,ACUGCAUUAUGAGCACUUAAAG,1,0,0,0,0,0
154,hsa-miR-4458,AGAGGUAGGUGUGGAAGAA,1,0,0,0,0,0
155,hsa-miR-4726-5p,AGGGCCAGAGGAGCCUGGAGUGG,0,0,0,0,1,0
156,hsa-miR-331-5p,CUAGGUAUGGUCCCAGGGAUCC,1,1,0,0,0,1
157,hsa-miR-630,AGUAUUCUGUACCAGGGAAGGU,1,0,0,0,0,0
158,hsa-miR-602,GACACGGGCGACAGCUGCGGCCC,1,0,0,1,0,0
159,hsa-miR-4785,AGAGUCGGCGACGCCGCCAGC,1,0,0,0,0,0
160,hsa-miR-1204,UCGUGGCCUGGUCUCCAUUAU,1,0,0,0,0,0
161,hsa-miR-149-3p,AGGGAGGGACGGGGGCUGUGC,1,0,1,0,1,0
162,hsa-miR-892b,CACUGGCUCCUUUCUGGGUAGA,1,0,0,1,0,0
163,hsa-miR-142-5p,CAUAAAGUAGAAAGCACUACU,1,0,0,1,1,0
164,hsa-miR-501-3p,AAUGCACCCGGGCAAGGAUUCU,1,0,1,0,1,0
165,hsa-miR-424-3p,CAAAACGUGAGGCGCUGCUAU,1,0,1,1,1,0
166,hsa-miR-585-3p,UGGGCGUAUCUGUAUGCUA,1,0,0,0,0,0
167,hsa-miR-150-5p,UCUCCCAACCCUUGUACCAGUG,1,0,0,1,1,0
168,hsa-miR-675-3p,CUGUAUGCCCUCACCGCUCA,0,0,1,0,0,0
169,hsa-miR-196b-3p,UCGACAGCACGACACUGCCUUC,0,0,1,0,0,0
170,hsa-miR-182-3p,UGGUUCUAGACUUGCCAACUA,1,0,0,1,1,0
171,hsa-miR-146b-3p,UGCCCUGUGGACUCAGUUCUGG,0,1,0,0,1,1
172,hsa-miR-640,AUGAUCCAGGAACCUGCCUCU,1,0,0,0,1,0
173,hsa-miR-520a-3p,AAAGUGCUUCCCUUUGGACUGU,1,0,0,0,1,0
174,hsa-let-7c-5p,UGAGGUAGUAGGUUGUAUGGUU,1,1,1,1,1,1
175,hsa-miR-3667-5p,AAAGACCCAUUGAGGAGAAGGU,1,0,0,0,0,0
176,hsa-miR-526a,CUCUAGAGGGAAGCACUUUCUG,1,0,0,0,0,0
177,hsa-miR-1229-3p,CUCUCACCACUGCCCUCCCACAG,1,0,0,0,0,0
178,hsa-miR-3605-3p,CCUCCGUGUUACCUGUCCUCUAG,1,0,0,0,0,0
179,hsa-miR-3646,AAAAUGAAAUGAGCCCAGCCCA,1,0,0,0,0,0
180,hsa-miR-136-5p,ACUCCAUUUGUUUUGAUGAUGGA,1,0,1,1,0,0
181,hsa-miR-885-3p,AGGCAGCGGGGUGUAGUGGAUA,1,0,0,0,1,0
182,hsa-miR-523-5p,CUCUAGAGGGAAGCGCUUUCUG,1,0,0,0,0,0
183,hsa-miR-21-5p,UAGCUUAUCAGACUGAUGUUGA,1,1,1,1,1,1
184,hsa-miR-4253,AGGGCAUGUCCAGGGGGU,0,0,0,1,0,0
185,hsa-miR-141-3p,UAACACUGUCUGGUAAAGAUGG,1,1,0,1,1,1
186,hsa-miR-139-3p,UGGAGACGCGGCCCUGUUGGAGU,1,0,1,0,1,0
187,hsa-miR-610,UGAGCUAAAUGUGUGCUGGGA,1,0,0,0,0,0
188,hsa-miR-513c-5p,UUCUCAAGGAGGUGUCGUUUAU,1,0,0,0,0,0
189,hsa-miR-92b-3p,UAUUGCACUCGUCCCGGCCUCC,1,1,1,1,1,1
190,hsa-miR-578,CUUCUUGUGCUCUAGGAUUGU,1,0,0,0,0,0
191,hsa-miR-129-1-3p,AAGCCCUUACCCCAAAAAGUAU,1,0,0,0,1,0
192,hsa-miR-3120-3p,CACAGCAAGUGUAGACAGGCA,1,0,0,0,1,0
193,hsa-let-7e-3p,CUAUACGGCCUCCUAGCUUUCC,1,0,0,0,0,0
194,hsa-miR-1825,UCCAGUGCCCUCCUCUCC,1,0,0,0,0,0
195,hsa-miR-532-3p,CCUCCCACACCCAAGGCUUGCA,1,1,1,0,1,1
196,hsa-miR-3180-3p,UGGGGCGGAGCUUCCGGAGGCC,0,0,0,1,0,0
197,hsa-miR-106a-3p,CUGCAAUGUAAGCACUUCUUAC,1,0,0,0,1,0
198,hsa-miR-1251-5p,ACUCUAGCUGCCAAAGGCGCU,1,0,0,0,0,0
199,hsa-miR-196a-3p,CGGCAACAAGAAACUGCCUGAG,0,0,0,0,0,1
200,hsa-miR-1912,UACCCAGAGCAUGCAGUGUGAA,1,0,0,0,0,0
201,hsa-miR-1296-5p,UUAGGGCCCUGGCUCCAUCUCC,1,0,1,0,0,1
202,hsa-miR-192-5p,CUGACCUAUGAAUUGACAGCC,1,1,1,1,1,1
203,hsa-miR-128-2-5p,GGGGGCCGAUACACUGUACGAGA,1,0,0,0,0,1
204,hsa-miR-452-5p,AACUGUUUGCAGAGGAAACUGA,1,1,1,1,0,1
205,hsa-miR-495-5p,GAAGUUGCCCAUGUUAUUUUCG,1,0,0,0,0,0
206,hsa-miR-329-5p,GAGGUUUUCUGGGUUUCUGUUUC,1,0,0,0,0,0
207,hsa-miR-933,UGUGCGCAGGGAGACCUCUCCC,1,0,0,0,0,0
208,hsa-miR-200b-5p,CAUCUUACUGGGCAGCAUUGGA,1,0,0,0,0,0
209,hsa-miR-16-1-3p,CCAGUAUUAACUGUGCUGCUGA,0,0,0,0,0,1
210,hsa-miR-202-5p,UUCCUAUGCAUAUACUUCUUUG,1,0,0,0,0,0
211,hsa-miR-378g,ACUGGGCUUGGAGUCAGAAG,1,0,0,0,1,0
212,hsa-miR-429,UAAUACUGUCUGGUAAAACCGU,1,1,0,0,0,1
213,hsa-miR-1234-3p,UCGGCCUGACCACCCACCCCAC,1,0,0,1,0,0
214,hsa-miR-379-5p,UGGUAGACUAUGGAACGUAGG,1,0,0,0,1,0
215,hsa-miR-1908-3p,CCGGCCGCCGGCUCCGCCCCG,1,0,1,0,1,1
216,hsa-miR-3200-5p,AAUCUGAGAAGGCGCACAAGGU,1,0,0,0,0,0
217,hsa-miR-4286,ACCCCACUCCUGGUACC,0,0,0,0,1,0
218,hsa-miR-154-3p,AAUCAUACACGGUUGACCUAUU,1,0,0,0,1,0
219,hsa-miR-1914-3p,GGAGGGGUCCCGCACUGGGAGG,0,0,0,0,1,0
220,hsa-miR-942-3p,CACAUGGCCGAAACAGAGAAGU,0,0,0,0,1,1
221,hsa-miR-4634,CGGCGCGACCGGCCCGGGG,0,0,0,0,1,0
222,hsa-miR-31-5p,AGGCAAGAUGCUGGCAUAGCU,1,1,1,1,1,1
223,hsa-miR-380-5p,UGGUUGACCAUAGAACAUGCGC,1,0,0,1,0,0
224,hsa-miR-4446-3p,CAGGGCUGGCAGUGACAUGGGU,1,0,1,0,0,0
225,hsa-miR-3607-3p,ACUGUAAACGCUUUCUGAUG,1,0,0,0,0,0
226,hsa-miR-493-5p,UUGUACAUGGUAGGCUUUCAUU,1,0,1,0,0,0
227,hsa-miR-7704,CGGGGUCGGCGGCGACGUG,0,0,0,1,0,0
228,hsa-miR-3189-3p,CCCUUGGGUCUGAUGGGGUAG,0,0,0,0,0,1
229,hsa-let-7d-5p,AGAGGUAGUAGGUUGCAUAGUU,1,1,1,1,1,1
230,hsa-miR-369-5p,AGAUCGACCGUGUUAUAUUCGC,1,0,0,1,0,0
231,hsa-miR-4454,GGAUCCGAGUCACGGCACCA,1,0,0,0,0,0
232,hsa-miR-375,UUUGUUCGUUCGGCUCGCGUGA,1,1,1,1,1,1
233,hsa-miR-1273a,GGGCGACAAAGCAAGACUCUUUCUU,1,0,0,0,0,0
234,hsa-miR-302e,UAAGUGCUUCCAUGCUU,1,0,0,0,0,0
235,hsa-miR-369-3p,AAUAAUACAUGGUUGAUCUUU,1,0,0,0,1,0
236,hsa-miR-130a-3p,CAGUGCAAUGUUAAAAGGGCAU,1,1,1,1,1,1
237,hsa-let-7d-3p,CUAUACGACCUGCUGCCUUUCU,1,0,1,0,1,0
238,hsa-miR-219a-1-3p,AGAGUUGAGUCUGGACGUCCCG,0,0,0,1,0,1
239,hsa-miR-218-5p,UUGUGCUUGAUCUAACCAUGU,1,0,0,1,1,0
240,hsa-miR-513a-3p,UAAAUUUCACCUUUCUGAGAAGG,1,0,0,0,0,0
241,hsa-miR-3150b-3p,UGAGGAGAUCGUCGAGGUUGG,0,0,0,0,1,0
242,hsa-miR-550a-3p,UGUCUUACUCCCUCAGGCACAU,1,0,0,0,0,0
243,hsa-miR-27a-5p,AGGGCUUAGCUGCUUGUGAGCA,1,0,0,1,1,0
244,hsa-miR-502-5p,AUCCUUGCUAUCUGGGUGCUA,1,1,0,1,0,1
245,hsa-miR-22-3p,AAGCUGCCAGUUGAAGAACUGU,1,1,1,1,1,1
246,hsa-miR-1307-5p,UCGACCGGACCUCGACCGGCU,1,0,0,1,1,0
247,hsa-miR-555,AGGGUAAGCUGAACCUCUGAU,0,0,0,0,0,1
248,hsa-miR-4725-3p,UGGGGAAGGCGUCAGUGUCGGG,0,0,0,0,1,0
249,hsa-miR-3064-5p,UCUGGCUGUUGUGGUGUGCAA,1,0,0,0,0,0
250,hsa-miR-4732-3p,GCCCUGACCUGUCCUGUUCUG,1,0,0,0,1,0
251,hsa-miR-210-5p,AGCCCCUGCCCACCGCACACUG,1,0,1,0,1,1
252,hsa-miR-29c-5p,UGACCGAUUUCUCCUGGUGUUC,1,0,0,0,0,0
253,hsa-miR-518e-3p,AAAGCGCUUCCCUUCAGAGUG,1,0,0,0,1,0
254,hsa-miR-1273e,UUGCUUGAACCCAGGAAGUGGA,0,0,0,0,1,0
255,hsa-miR-1292-5p,UGGGAACGGGUUCCGGCAGACGCUG,1,0,1,0,0,1
256,hsa-miR-505-5p,GGGAGCCAGGAAGUAUUGAUGU,1,0,1,0,1,0
257,hsa-miR-10b-3p,ACAGAUUCGAUUCUAGGGGAAU,1,0,0,1,1,0
258,hsa-miR-625-5p,AGGGGGAAAGUUCUAUAGUCC,1,0,0,0,0,0
259,hsa-miR-27b-5p,AGAGCUUAGCUGAUUGGUGAAC,1,0,1,1,1,0
260,hsa-miR-5189-5p,UCUGGGCACAGGCGGAUGGACAGG,1,0,0,0,0,0
261,hsa-miR-381-3p,UAUACAAGGGCAAGCUCUCUGU,1,0,0,1,1,0
262,hsa-miR-4281,GGGUCCCGGGGAGGGGGG,0,0,0,1,0,0
263,hsa-let-7f-5p,UGAGGUAGUAGAUUGUAUAGUU,1,1,1,1,1,1
264,hsa-let-7b-3p,CUAUACAACCUACUGCCUUCCC,1,0,1,0,1,0
265,hsa-miR-92a-2-5p,GGGUGGGGAUUUGUUGCAUUAC,0,0,1,0,1,1
266,hsa-miR-1299,UUCUGGAAUUCUGUGUGAGGGA,0,0,0,0,1,0
267,hsa-miR-1185-1-3p,AUAUACAGGGGGAGACUCUUAU,1,0,0,0,0,0
268,hsa-miR-517c-3p,AUCGUGCAUCCUUUUAGAGUGU,1,0,0,0,1,0
269,hsa-miR-346,UGUCUGCCCGCAUGCCUGCCUCU,1,0,1,0,1,0
270,hsa-miR-5572,GUUGGGGUGCAGGGGUCUGCU,0,0,0,0,1,0
271,hsa-miR-1287-3p,CUCUAGCCACAGAUGCAGUGAU,0,0,0,0,1,0
272,hsa-let-7c-3p,CUGUACAACCUUCUAGCUUUCC,1,1,1,0,1,1
273,hsa-miR-4793-3p,UCUGCACUGUGAGUUGGCUGGCU,0,0,0,0,1,0
274,hsa-miR-1287-5p,UGCUGGAUCAGUGGUUCGAGUC,1,1,0,0,1,1
275,hsa-miR-3176,ACUGGCCUGGGACUACCGG,0,0,0,1,0,1
276,hsa-miR-33a-3p,CAAUGUUUCCACAGUGCAUCAC,1,0,0,0,0,0
277,hsa-miR-339-3p,UGAGCGCCUCGACGACAGAGCCG,1,1,1,1,1,1
278,hsa-miR-20b-5p,CAAAGUGCUCAUAGUGCAGGUAG,1,1,1,1,1,1
279,hsa-miR-2110,UUGGGGAAACGGCCGCUGAGUG,1,0,1,1,1,1
280,hsa-miR-1178-3p,UUGCUCACUGUUCUUCCCUAG,1,0,0,0,0,0
281,hsa-miR-643,ACUUGUAUGCUAGCUCAGGUAG,1,0,0,1,0,0
282,hsa-miR-181b-2-3p,CUCACUGAUCAAUGAAUGCA,0,0,0,0,0,1
283,hsa-miR-769-5p,UGAGACCUCUGGGUUCUGAGCU,1,0,1,1,1,1
284,hsa-miR-4473,CUAGUGCUCUCCGUUACAAGUA,1,0,0,0,0,0
285,hsa-miR-1284,UCUAUACAGACCCUGGCUUUUC,1,0,0,0,0,0
286,hsa-miR-1255b-5p,CGGAUGAGCAAAGAAAGUGGUU,0,0,1,0,1,0
287,hsa-miR-3613-3p,ACAAAAAAAAAAGCCCAACCCUUC,1,0,0,0,1,0
288,hsa-miR-539-5p,GGAGAAAUUAUCCUUGGUGUGU,1,0,0,0,0,0
289,hsa-miR-525-3p,GAAGGCGCUUCCCUUUAGAGCG,1,0,0,0,1,0
290,hsa-miR-203a-5p,AGUGGUUCUUAACAGUUCAACAGUU,1,0,0,0,0,0
291,hsa-miR-4793-5p,ACAUCCUGCUCCACAGGGCAGAGG,0,0,0,0,1,0
292,hsa-miR-378e,ACUGGACUUGGAGUCAGGA,0,0,0,0,1,0
293,hsa-miR-142-3p,UGUAGUGUUUCCUACUUUAUGGA,1,0,0,1,1,0
294,hsa-miR-379-3p,UAUGUAACAUGGUCCACUAACU,1,0,0,0,0,0
295,hsa-miR-765,UGGAGGAGAAGGAAGGUGAUG,1,0,1,0,1,0
296,hsa-miR-99a-3p,CAAGCUCGCUUCUAUGGGUCUG,1,0,1,0,1,0
297,hsa-miR-155-5p,UUAAUGCUAAUCGUGAUAGGGGU,1,0,1,1,1,1
298,hsa-miR-519d-5p,CCUCCAAAGGGAAGCGCUUUCUGUU,1,0,0,0,1,0
299,hsa-miR-133a-5p,AGCUGGUAAAAUGGAACCAAAU,1,0,0,0,1,0
300,hsa-miR-652-5p,CAACCCUAGGAGAGGGUGCCAUUCA,1,0,0,0,0,0
301,hsa-miR-526b-3p,GAAAGUGCUUCCUUUUAGAGGC,1,0,0,0,1,0
302,hsa-miR-106b-5p,UAAAGUGCUGACAGUGCAGAU,1,1,0,1,1,1
303,hsa-miR-1910-5p,CCAGUCCUGUGCCUGCCGCCU,0,0,0,1,0,0
304,hsa-miR-432-3p,CUGGAUGGCUCCUCCAUGUCU,1,0,0,0,0,0
305,hsa-miR-132-3p,UAACAGUCUACAGCCAUGGUCG,1,1,1,1,1,1
306,hsa-miR-484,UCAGGCUCAGUCCCCUCCCGAU,1,1,1,1,1,1
307,hsa-miR-30b-5p,UGUAAACAUCCUACACUCAGCU,1,1,1,1,1,1
308,hsa-miR-628-3p,UCUAGUAAGAGUGGCAGUCGA,1,1,0,1,1,1
309,hsa-miR-133b,UUUGGUCCCCUUCAACCAGCUA,1,0,1,1,1,0
310,hsa-miR-1236-3p,CCUCUUCCCCUUGUCUCUCCAG,1,0,0,0,0,0
311,hsa-miR-485-5p,AGAGGCUGGCCGUGAUGAAUUC,1,0,0,1,1,0
312,hsa-miR-4467,UGGCGGCGGUAGUUAUGGGCUU,0,0,1,0,1,0
313,hsa-miR-3174,UAGUGAGUUAGAGAUGCAGAGCC,0,0,0,0,0,1
314,hsa-miR-96-3p,AAUCAUGUGCAGUGCCAAUAUG,1,0,0,0,0,0
315,hsa-miR-4290,UGCCCUCCUUUCUUCCCUC,1,0,0,0,0,0
316,hsa-miR-152-5p,AGGUUCUGUGAUACACUCCGACU,1,0,1,0,1,0
317,hsa-miR-450a-5p,UUUUGCGAUGUGUUCCUAAUAU,1,0,1,0,0,0
318,hsa-miR-198,GGUCCAGAGGGGAGAUAGGUUC,1,0,1,0,0,0
319,hsa-miR-1276,UAAAGAGCCCUGUGGAGACA,0,0,0,0,0,1
320,hsa-miR-1247-5p,ACCCGUCCCGUUCGUCCCCGGA,1,0,0,1,1,0
321,hsa-miR-590-5p,GAGCUUAUUCAUAAAAGUGCAG,1,1,1,0,1,1
322,hsa-miR-493-3p,UGAAGGUCUACUGUGUGCCAGG,1,0,0,1,0,0
323,hsa-miR-614,GAACGCCUGUUCUUGCCAGGUGG,1,0,0,0,0,0
324,hsa-miR-144-3p,UACAGUAUAGAUGAUGUACU,1,0,0,0,1,0
325,hsa-miR-197-3p,UUCACCACCUUCUCCACCCAGC,1,1,1,1,1,1
326,hsa-miR-486-5p,UCCUGUACUGAGCUGCCCCGAG,1,1,1,1,1,1
327,hsa-miR-99b-5p,CACCCGUAGAACCGACCUUGCG,1,1,1,1,1,1
328,hsa-miR-187-3p,UCGUGUCUUGUGUUGCAGCCGG,1,0,1,1,0,0
329,hsa-miR-3686,AUCUGUAAGAGAAAGUAAAUGA,1,0,0,0,0,0
330,hsa-miR-518c-3p,CAAAGCGCUUCUCUUUAGAGUGU,1,0,0,0,1,0
331,hsa-miR-491-5p,AGUGGGGAACCCUUCCAUGAGG,1,0,1,0,0,0
332,hsa-miR-1-3p,UGGAAUGUAAAGAAGUAUGUAU,1,1,1,1,1,1
333,hsa-miR-140-5p,CAGUGGUUUUACCCUAUGGUAG,1,1,1,1,1,1
334,hsa-miR-3615,UCUCUCGGCUCCUCGCGGCUC,1,0,0,0,1,0
335,hsa-miR-127-3p,UCGGAUCCGUCUGAGCUUGGCU,1,0,1,1,1,0
336,hsa-miR-330-3p,GCAAAGCACACGGCCUGCAGAGA,1,1,1,0,1,1
337,hsa-miR-656-5p,AGGUUGCCUGUGAGGUGUUCA,1,0,0,0,0,0
338,hsa-miR-302c-5p,UUUAACAUGGGGGUACCUGCUG,1,0,0,0,0,0
339,hsa-miR-183-5p,UAUGGCACUGGUAGAAUUCACU,1,1,0,1,1,1
340,hsa-miR-18a-3p,ACUGCCCUAAGUGCUCCUUCUGG,1,0,1,0,1,0
341,hsa-miR-219a-2-3p,AGAAUUGUGGCUGGACAUCUGU,1,1,0,0,1,1
342,hsa-miR-4492,GGGGCUGGGCGCGCGCC,1,0,0,0,0,0
343,hsa-miR-384,AUUCCUAGAAAUUGUUCAUA,1,0,0,0,0,0
344,hsa-miR-4306,UGGAGAGAAAGGCAGUA,1,0,0,0,0,0
345,hsa-miR-378d,ACUGGACUUGGAGUCAGAAA,1,0,0,1,1,0
346,hsa-miR-671-5p,AGGAAGCCCUGGAGGGGCUGGAG,1,1,1,1,0,1
347,hsa-miR-3687,CCCGGACAGGCGUUCGUGCGACGU,0,0,1,0,0,0
348,hsa-miR-301a-5p,GCUCUGACUUUAUUGCACUACU,1,0,0,0,0,0
349,hsa-miR-378a-3p,ACUGGACUUGGAGUCAGAAGGC,1,1,0,1,1,1
350,hsa-miR-3940-3p,CAGCCCGGAUCCCAGCCCACUU,1,0,0,0,0,0
351,hsa-miR-527,CUGCAAAGGGAAGCCCUUUC,1,0,0,0,0,0
352,hsa-miR-557,GUUUGCACGGGUGGGCCUUGUCU,1,0,0,0,0,0
353,hsa-miR-382-5p,GAAGUUGUUCGUGGUGGAUUCG,1,0,1,1,1,0
354,hsa-miR-3591-5p,UUUAGUGUGAUAAUGGCGUUUGA,1,0,0,0,1,0
355,hsa-miR-3158-3p,AAGGGCUUCCUCUCUGCAGGAC,1,0,0,0,1,0
356,hsa-miR-337-3p,CUCCUAUAUGAUGCCUUUCUUC,1,0,0,0,0,0
357,hsa-miR-20a-5p,UAAAGUGCUUAUAGUGCAGGUAG,1,1,1,1,1,1
358,hsa-miR-184,UGGACGGAGAACUGAUAAGGGU,1,0,1,1,1,1
359,hsa-miR-512-3p,AAGUGCUGUCAUAGCUGAGGUC,1,0,0,0,0,0
360,hsa-miR-3611,UUGUGAAGAAAGAAAUUCUUA,1,0,0,0,0,0
361,hsa-miR-200a-3p,UAACACUGUCUGGUAACGAUGU,1,1,0,1,1,1
362,hsa-miR-483-5p,AAGACGGGAGGAAAGAAGGGAG,1,0,1,1,1,0
363,hsa-miR-1249-3p,ACGCCCUUCCCCCCCUUCUUCA,1,0,0,0,0,1
364,hsa-miR-23c,AUCACAUUGCCAGUGAUUACCC,0,0,0,0,1,0
365,hsa-miR-199a-3p,ACAGUAGUCUGCACAUUGGUUA,1,1,1,1,1,1
366,hsa-miR-3912-3p,UAACGCAUAAUAUGGACAUGU,1,0,0,0,0,0
367,hsa-miR-1260b,AUCCCACCACUGCCACCAU,1,0,0,0,1,0
368,hsa-miR-937-3p,AUCCGCGCUCUGACUCUCUGCC,1,0,1,0,0,0
369,hsa-miR-130b-5p,ACUCUUUCCCUGUUGCACUAC,1,0,1,0,0,0
370,hsa-miR-767-5p,UGCACCAUGGUUGUCUGAGCAUG,1,1,0,0,1,1
371,hsa-miR-744-3p,CUGUUGCCACUAACCUCAACCU,1,0,1,0,0,0
372,hsa-miR-34a-5p,UGGCAGUGUCUUAGCUGGUUGU,1,1,1,1,1,1
373,hsa-miR-145-5p,GUCCAGUUUUCCCAGGAAUCCCU,1,0,1,1,1,0
374,hsa-miR-378h,ACUGGACUUGGUGUCAGAUGG,0,0,0,0,1,0
375,hsa-miR-1972,UCAGGCCAGGCACAGUGGCUCA,0,0,1,0,0,0
376,hsa-miR-30c-2-3p,CUGGGAGAAGGCUGUUUACUCU,1,0,1,1,1,1
377,hsa-miR-760,CGGCUCUGGGUCUGUGGGGA,1,0,1,1,1,1
378,hsa-miR-518f-5p,CUCUAGAGGGAAGCACUUUCUC,1,0,0,0,0,0
379,hsa-miR-4429,AAAAGCUGGGCUGAGAGGCG,1,0,0,0,1,0
380,hsa-miR-302a-5p,ACUUAAACGUGGAUGUACUUGCU,1,0,0,0,1,0
381,hsa-miR-30b-3p,CUGGGAGGUGGAUGUUUACUUC,1,0,0,0,1,0
382,hsa-miR-503-5p,UAGCAGCGGGAACAGUUCUGCAG,1,1,1,1,1,1
383,hsa-miR-92b-5p,AGGGACGGGACGCGGUGCAGUG,1,0,1,0,1,0
384,hsa-miR-1233-3p,UGAGCCCUGUCCUCCCGCAG,1,0,0,0,1,0
385,hsa-miR-301b-3p,CAGUGCAAUGAUAUUGUCAAAGC,1,1,0,0,0,1
386,hsa-let-7g-3p,CUGUACAGGCCACUGCCUUGC,1,0,0,1,0,0
387,hsa-miR-1976,CCUCCUGCCCUCCUUGCUGU,1,1,0,0,0,0
388,hsa-miR-496,UGAGUAUUACAUGGCCAAUCUC,1,0,0,0,0,0
389,hsa-miR-23a-3p,AUCACAUUGCCAGGGAUUUCC,1,1,1,1,1,1
390,hsa-miR-412-5p,UGGUCGACCAGUUGGAAAGUAAU,1,0,0,0,0,0
391,hsa-miR-15b-3p,CGAAUCAUUAUUUGCUGCUCUA,1,0,0,0,1,0
392,hsa-miR-183-3p,GUGAAUUACCGAAGGGCCAUAA,1,0,0,0,0,0
393,hsa-miR-648,AAGUGUGCAGGGCACUGGU,1,0,0,1,0,0
394,hsa-miR-138-2-3p,GCUAUUUCACGACACCAGGGUU,1,0,0,0,0,1
395,hsa-miR-449b-5p,AGGCAGUGUAUUGUUAGCUGGC,1,0,0,0,0,0
396,hsa-miR-339-5p,UCCCUGUCCUCCAGGAGCUCACG,1,1,1,1,1,1
397,hsa-miR-206,UGGAAUGUAAGGAAGUGUGUGG,1,0,1,0,1,0
398,hsa-miR-296-3p,GAGGGUUGGGUGGAGGCUCUCC,1,0,0,0,0,0
399,hsa-miR-497-5p,CAGCAGCACACUGUGGUUUGU,1,1,1,1,1,1
400,hsa-miR-215-3p,UCUGUCAUUUCUUUAGGCCAAUA,1,0,0,0,1,0
401,hsa-miR-10a-3p,CAAAUUCGUAUCUAGGGGAAUA,1,0,1,1,0,0
402,hsa-miR-601,UGGUCUAGGAUUGUUGGAGGAG,1,0,0,1,0,0
403,hsa-miR-582-5p,UUACAGUUGUUCAACCAGUUACU,1,1,1,0,0,1
404,hsa-miR-1249-5p,AGGAGGGAGGAGAUGGGCCAAGUU,1,0,0,0,0,0
405,hsa-miR-4518,GCUCAGGGAUGAUAACUGUGCUGAGA,1,0,0,0,0,0
406,hsa-miR-1203,CCCGGAGCCAGGAUGCAGCUC,1,0,0,0,1,0
407,hsa-miR-106a-5p,AAAAGUGCUUACAGUGCAGGUAG,1,1,1,1,1,1
408,hsa-miR-27b-3p,UUCACAGUGGCUAAGUUCUGC,1,1,1,1,1,1
409,hsa-miR-574-5p,UGAGUGUGUGUGUGUGAGUGUGU,1,1,1,0,1,1
410,hsa-miR-490-3p,CAACCUGGAGGACUCCAUGCUG,1,0,1,0,0,0
411,hsa-miR-4516,GGGAGAAGGGUCGGGGC,1,0,0,0,0,0
412,hsa-miR-2113,AUUUGUGCUUGGCUCUGUCAC,1,0,0,0,0,0
413,hsa-miR-5189-3p,UGCCAACCGUCAGAGCCCAGA,1,0,0,0,0,0
414,hsa-miR-4488,AGGGGGCGGGCUCCGGCG,1,0,1,0,0,0
415,hsa-miR-204-3p,GCUGGGAAGGCAAAGGGACGU,1,0,0,0,0,0
416,hsa-miR-216a-5p,UAAUCUCAGCUGGCAACUGUGA,1,0,0,0,0,1
417,hsa-miR-3908,GAGCAAUGUAGGUAGACUGUUU,0,0,1,0,0,0
418,hsa-miR-664a-3p,UAUUCAUUUAUCCCCAGCCUACA,1,1,1,1,0,1
419,hsa-miR-877-5p,GUAGAGGAGAUGGCGCAGGG,1,1,1,0,1,1
420,hsa-miR-4640-5p,UGGGCCAGGGAGCAGCUGGUGGG,0,0,0,0,1,0
421,hsa-miR-941,CACCCGGCUGUGUGCACAUGUGC,1,1,1,0,1,1
422,hsa-miR-615-5p,GGGGGUCCCCGGUGCUCGGAUC,1,1,1,0,0,1
423,hsa-miR-584-5p,UUAUGGUUUGCCUGGGACUGAG,1,1,1,0,1,1
424,hsa-miR-646,AAGCAGCUGCCUCUGAGGC,1,0,0,1,0,0
425,hsa-miR-190a-5p,UGAUAUGUUUGAUAUAUUAGGU,1,0,0,1,0,1
426,hsa-miR-660-3p,ACCUCCUGUGUGCAUGGAUUA,1,0,0,0,0,0
427,hsa-miR-4739,AAGGGAGGAGGAGCGGAGGGGCCCU,1,0,0,0,0,0
428,hsa-miR-4524b-5p,AUAGCAGCAUAAGCCUGUCUC,0,0,0,0,1,0
429,hsa-miR-34b-3p,CAAUCACUAACUCCACUGCCAU,1,0,0,1,1,0
430,hsa-miR-32-5p,UAUUGCACAUUACUAAGUUGCA,1,1,1,1,1,1
431,hsa-miR-342-5p,AGGGGUGCUAUCUGUGAUUGA,1,1,1,0,1,1
432,hsa-miR-125b-2-3p,UCACAAGUCAGGCUCUUGGGAC,1,0,0,1,1,1
433,hsa-miR-19b-3p,UGUGCAAAUCCAUGCAAAACUGA,1,1,1,1,1,1
434,hsa-miR-190b,UGAUAUGUUUGAUAUUGGGUU,0,0,0,0,0,1
435,hsa-miR-877-3p,UCCUCUUCUCCCUCCUCCCAG,1,0,0,0,0,0
436,hsa-miR-1291,UGGCCCUGACUGAAGACCAGCAGU,0,0,1,0,1,1
437,hsa-miR-518d-3p,CAAAGCGCUUCCCUUUGGAGC,1,0,0,0,0,0
438,hsa-miR-596,AAGCCUGCCCGGCUCCUCGGG,0,0,0,0,1,0
439,hsa-miR-140-3p,UACCACAGGGUAGAACCACGG,1,1,1,1,1,1
440,hsa-miR-1323,UCAAAACUGAGGGGCAUUUUCU,1,0,0,0,1,0
441,hsa-miR-1277-3p,UACGUAGAUAUAUAUGUAUUUU,0,0,0,0,0,1
442,hsa-miR-584-3p,UCAGUUCCAGGCCAACCAGGCU,1,0,0,0,0,0
443,hsa-miR-1343-5p,UGGGGAGCGGCCCCCGGGUGGG,1,0,0,0,0,0
444,hsa-miR-500b-3p,GCACCCAGGCAAGGAUUCUG,0,0,0,0,0,1
445,hsa-miR-3192-5p,UCUGGGAGGUUGUAGCAGUGGAA,0,0,1,0,0,1
446,hsa-miR-876-5p,UGGAUUUCUUUGUGAAUCACCA,1,0,0,0,0,0
447,hsa-miR-5701,UUAUUGUCACGUUCUGAUU,1,0,0,0,0,0
448,hsa-miR-6717-5p,AGGCGAUGUGGGGAUGUAGAGA,0,0,0,0,1,0
449,hsa-miR-3651,CAUAGCCCGGUCGCUGGUACAUGA,0,0,1,0,0,0
450,hsa-let-7f-1-3p,CUAUACAAUCUAUUGCCUUCCC,1,0,0,0,0,1
451,hsa-miR-4792,CGGUGAGCGCUCGCUGGC,0,0,0,0,1,0
452,hsa-miR-3195,CGCGCCGGGCCCGGGUU,0,0,0,1,0,0
453,hsa-miR-500a-5p,UAAUCCUUGCUACCUGGGUGAGA,1,0,0,0,0,1
454,hsa-miR-520g-3p,ACAAAGUGCUUCCCUUUAGAGUGU,1,0,0,0,0,0
455,hsa-miR-874-3p,CUGCCCUGGCCCGAGGGACCGA,1,0,0,0,1,1
456,hsa-miR-3197,GGAGGCGCAGGCUCGGAAAGGCG,0,0,0,1,1,0
457,hsa-miR-374c-3p,CACUUAGCAGGUUGUAUUAUAU,1,0,0,0,0,0
458,hsa-miR-214-5p,UGCCUGUCUACACUUGCUGUGC,1,0,0,0,0,0
459,hsa-miR-876-3p,UGGUGGUUUACAAAGUAAUUCA,1,0,0,0,0,0
460,hsa-miR-134-3p,CCUGUGGGCCACCUAGUCACCAA,1,0,1,1,1,0
461,hsa-miR-563,AGGUUGACAUACGUUUCCC,1,0,0,1,0,0
462,hsa-miR-3127-5p,AUCAGGGCUUGUGGAAUGGGAAG,0,0,1,0,0,0
463,hsa-miR-3184-3p,AAAGUCUCGCUCUCUGCCCCUCA,1,0,0,0,0,0
464,hsa-miR-151a-3p,CUAGACUGAAGCUCCUUGAGG,1,1,1,1,1,1
465,hsa-miR-499a-5p,UUAAGACUUGCAGUGAUGUUU,1,0,0,0,1,1
466,hsa-miR-664a-5p,ACUGGCUAGGGAAAAUGAUUGGAU,1,0,1,0,1,0
467,hsa-miR-326,CCUCUGGGCCCUUCCUCCAG,1,0,0,1,1,1
468,hsa-miR-30e-3p,CUUUCAGUCGGAUGUUUACAGC,1,0,1,1,1,0
469,hsa-miR-5698,UGGGGGAGUGCAGUGAUUGUGG,1,0,0,0,0,0
470,hsa-miR-577,UAGAUAAAAUAUUGGUACCUG,1,0,0,0,1,0
471,hsa-miR-4279,CUCUCCUCCCGGCUUC,1,0,0,0,0,0
472,hsa-miR-580-5p,UAAUGAUUCAUCAGACUCAGAU,0,0,0,0,0,1
473,hsa-miR-526b-5p,CUCUUGAGGGAAGCACUUUCUGU,1,0,0,0,1,0
474,hsa-miR-766-3p,ACUCCAGCCCCACAGCCUCAGC,1,1,1,0,1,1
475,hsa-miR-410-5p,AGGUUGUCUGUGAUGAGUUCG,1,0,1,1,1,0
476,hsa-miR-520e,AAAGUGCUUCCUUUUUGAGGG,1,0,0,0,0,0
477,hsa-miR-516a-3p,UGCUUCCUUUCAGAGGGU,1,0,0,0,0,1
478,hsa-miR-758-3p,UUUGUGACCUGGUCCACUAACC,1,0,0,0,1,0
479,hsa-miR-668-3p,UGUCACUCGGCUCGGCCCACUAC,1,0,0,0,0,0
480,hsa-miR-215-5p,AUGACCUAUGAAUUGACAGAC,1,1,0,0,1,1
481,hsa-miR-425-5p,AAUGACACGAUCACUCCCGUUGA,1,1,1,1,1,1
482,hsa-miR-449c-5p,UAGGCAGUGUAUUGCUAGCGGCUGU,0,0,1,0,0,0
483,hsa-miR-302c-3p,UAAGUGCUUCCAUGUUUCAGUGG,1,0,0,1,0,0
484,hsa-miR-507,UUUUGCACCUUUUGGAGUGAA,1,0,0,0,1,0
485,hsa-miR-188-5p,CAUCCCUUGCAUGGUGGAGGG,1,1,1,0,0,1
486,hsa-miR-29a-3p,UAGCACCAUCUGAAAUCGGUUA,1,1,1,1,1,1
487,hsa-miR-1304-5p,UUUGAGGCUACAGUGAGAUGUG,0,1,0,0,1,1
488,hsa-miR-548a-5p,AAAAGUAAUUGCGAGUUUUACC,1,0,0,0,0,0
489,hsa-miR-139-5p,UCUACAGUGCACGUGUCUCCAGU,1,0,1,1,1,1
490,hsa-miR-641,AAAGACAUAGGAUAGAGUCACCUC,1,0,1,0,0,0
491,hsa-miR-3185,AGAAGAAGGCGGUCGGUCUGCGG,0,0,0,1,1,0
492,hsa-miR-494-3p,UGAAACAUACACGGGAAACCUC,1,0,1,1,1,0
493,hsa-miR-6722-3p,UGCAGGGGUCGGGUGGGCCAGG,0,0,0,0,1,0
494,hsa-miR-3196,CGGGGCGGCAGGGGCCUC,0,0,0,1,0,0
495,hsa-miR-371a-5p,ACUCAAACUGUGGGGGCACU,1,0,0,0,1,0
496,hsa-miR-221-5p,ACCUGGCAUACAAUGUAGAUUU,1,0,1,0,1,0
497,hsa-miR-22-5p,AGUUCUUCAGUGGCAAGCUUUA,1,0,1,1,1,0
498,hsa-miR-103b,UCAUAGCCCUGUACAAUGCUGCU,1,0,0,0,0,0
499,hsa-miR-2115-3p,CAUCAGAAUUCAUGGAGGCUAG,1,0,0,0,0,0
500,hsa-miR-138-5p,AGCUGGUGUUGUGAAUCAGGCCG,1,0,1,1,1,0
501,hsa-miR-3178,GGGGCGCGGCCGGAUCG,0,0,0,1,0,0
502,hsa-miR-365a-3p,UAAUGCCCCUAAAAAUCCUUAU,1,1,1,0,0,1
503,hsa-miR-593-5p,AGGCACCAGCCAGGCAUUGCUCAGC,1,0,0,0,0,0
504,hsa-miR-30e-5p,UGUAAACAUCCUUGACUGGAAG,1,1,1,1,1,1
505,hsa-miR-4758-5p,GUGAGUGGGAGCCGGUGGGGCUG,1,0,0,0,0,0
506,hsa-miR-4687-3p,UGGCUGUUGGAGGGGGCAGGC,0,0,1,0,0,0
507,hsa-miR-31-3p,UGCUAUGCCAACAUAUUGCCAU,0,0,0,1,0,0
508,hsa-miR-936,ACAGUAGAGGGAGGAAUCGCAG,1,0,0,0,0,0
509,hsa-miR-3917,GCUCGGACUGAGCAGGUGGG,0,0,1,0,0,0
510,hsa-miR-3130-5p,UACCCAGUCUCCGGUGCAGCC,1,0,0,0,0,0
511,hsa-miR-422a,ACUGGACUUAGGGUCAGAAGGC,1,0,0,0,1,0
512,hsa-miR-297,AUGUAUGUGUGCAUGUGCAUG,1,0,0,0,1,0
513,hsa-miR-508-3p,UGAUUGUAGCCUUUUGGAGUAGA,1,0,0,0,1,0
514,hsa-miR-23b-5p,UGGGUUCCUGGCAUGCUGAUUU,1,0,1,0,1,0
515,hsa-let-7i-3p,CUGCGCAAGCUACUGCCUUGCU,1,0,1,1,1,1
516,hsa-miR-126-3p,UCGUACCGUGAGUAAUAAUGCG,1,1,1,1,1,1
517,hsa-miR-4268,GGCUCCUCCUCUCAGGAUGUG,1,0,0,0,1,0
518,hsa-miR-135b-5p,UAUGGCUUUUCAUUCCUAUGUGA,1,1,0,0,0,1
519,hsa-miR-29b-3p,UAGCACCAUUUGAAAUCAGUGUU,1,1,1,1,1,1
520,hsa-miR-433-5p,UACGGUGAGCCUGUCAUUAUUC,1,0,1,0,1,0
521,hsa-miR-544a,AUUCUGCAUUUUUAGCAAGUUC,1,0,0,0,0,0
522,hsa-miR-216b-5p,AAAUCUCUGCAGGCAAAUGUGA,1,0,0,0,0,1
523,hsa-miR-490-5p,CCAUGGAUCUCCAGGUGGGU,1,0,0,0,0,0
524,hsa-miR-485-3p,GUCAUACACGGCUCUCCUCUCU,1,0,1,0,1,0
525,hsa-miR-101-3p,UACAGUACUGUGAUAACUGAA,1,1,1,1,1,1
526,hsa-miR-1260a,AUCCCACCUCUGCCACCA,1,0,0,0,1,0
527,hsa-miR-223-3p,UGUCAGUUUGUCAAAUACCCCA,1,0,0,1,1,0
528,hsa-miR-93-5p,CAAAGUGCUGUUCGUGCAGGUAG,1,1,1,1,1,1
529,hsa-miR-1270,CUGGAGAUAUGGAAGAGCUGUGU,0,0,1,1,1,0
530,hsa-miR-320a,AAAAGCUGGGUUGAGAGGGCGA,1,1,1,1,1,1
531,hsa-miR-449c-3p,UUGCUAGUUGCACUCCUCUCUGU,1,0,0,0,0,0
532,hsa-miR-1272,GAUGAUGAUGGCAGCAAAUUCUGAAA,0,0,1,0,0,1
533,hsa-miR-3198,GUGGAGUCCUGGGGAAUGGAGA,0,0,1,0,0,0
534,hsa-miR-583,CAAAGAGGAAGGUCCCAUUAC,1,0,0,0,1,0
535,hsa-miR-328-3p,CUGGCCCUCUCUGCCCUUCCGU,1,0,1,1,1,1
536,hsa-miR-885-5p,UCCAUUACACUACCCUGCCUCU,1,0,0,1,1,0
537,hsa-miR-363-5p,CGGGUGGAUCACGAUGCAAUUU,1,0,1,0,1,0
538,hsa-miR-3201,GGGAUAUGAAGAAAAAU,1,0,0,0,0,0
539,hsa-miR-770-5p,UCCAGUACCACGUGUCAGGGCCA,1,0,0,0,0,0
540,hsa-miR-370-5p,CAGGUCACGUCUCUGCAGUUAC,1,0,0,1,1,0
541,hsa-miR-3960,GGCGGCGGCGGAGGCGGGGG,1,0,0,0,1,0
542,hsa-miR-4508,GCGGGGCUGGGCGCGCG,1,0,0,0,1,0
543,hsa-miR-181d-5p,AACAUUCAUUGUUGUCGGUGGGU,1,1,1,1,1,1
544,hsa-miR-129-2-3p,AAGCCCUUACCCCAAAAAGCAU,1,0,0,0,1,0
545,hsa-miR-365b-5p,AGGGACUUUCAGGGGCAGCUGU,0,0,0,0,0,1
546,hsa-miR-331-3p,GCCCCUGGGCCUAUCCUAGAA,1,1,1,1,0,1
547,hsa-miR-3188,AGAGGCUUUGUGCGGAUACGGGG,1,0,0,1,0,0
548,hsa-miR-513b-5p,UUCACAAGGAGGUGUCAUUUAU,1,0,0,0,0,0
549,hsa-miR-126-5p,CAUUAUUACUUUUGGUACGCG,1,0,0,1,1,0
550,hsa-miR-153-5p,UCAUUUUUGUGAUGUUGCAGCU,1,0,0,0,0,0
551,hsa-miR-383-5p,AGAUCAGAAGGUGAUUGUGGCU,1,0,0,0,0,0
552,hsa-miR-4787-3p,GAUGCGCCGCCCACUGCCCCGCGC,0,0,1,0,0,0
553,hsa-miR-3143,AUAACAUUGUAAAGCGCUUCUUUCG,1,0,0,0,0,0
554,hsa-miR-374a-5p,UUAUAAUACAACCUGAUAAGUG,1,1,1,1,0,1
555,hsa-miR-4799-5p,AUCUAAAUGCAGCAUGCCAGUC,1,0,0,0,0,0
556,hsa-miR-153-3p,UUGCAUAGUCACAAAAGUGAUC,1,0,0,0,0,0
557,hsa-miR-4732-5p,UGUAGAGCAGGGAGCAGGAAGCU,1,0,0,0,0,0
558,hsa-miR-487a-5p,GUGGUUAUCCCUGCUGUGUUCG,1,0,0,0,1,0
559,hsa-miR-1281,UCGCCUCCUCCUCUCCC,1,0,0,1,0,0
560,hsa-miR-147a,GUGUGUGGAAAUGCUUCUGC,1,0,0,0,0,0
561,hsa-miR-632,GUGUCUGCUUCCUGUGGGA,1,0,0,0,0,0
562,hsa-miR-188-3p,CUCCCACAUGCAGGGUUUGCA,1,0,1,0,0,0
563,hsa-miR-3652,CGGCUGGAGGUGUGAGGA,0,0,0,0,1,0
564,hsa-miR-489-5p,GGUCGUAUGUGUGACGCCAUUU,1,0,0,0,1,0
565,hsa-miR-1238-3p,CUUCCUCGUCUGUCUGCCCC,1,0,0,1,0,0
566,hsa-miR-3171,AGAUGUAUGGAAUCUGUAUAUAUC,0,0,0,0,1,0
567,hsa-miR-589-3p,UCAGAACAAAUGCCGGUUCCCAGA,1,0,1,0,0,0
568,hsa-miR-603,CACACACUGCAAUUACUUUUGC,1,0,0,1,1,0
569,hsa-miR-1273g-5p,GGUGGUUGAGGCUGCAGUAAGU,1,0,0,0,0,0
570,hsa-miR-483-3p,UCACUCCUCUCCUCCCGUCUU,1,0,1,0,1,0
571,hsa-miR-143-3p,UGAGAUGAAGCACUGUAGCUC,1,0,0,1,1,1
572,hsa-miR-888-3p,GACUGACACCUCUUUGGGUGAA,1,0,0,0,0,0
573,hsa-miR-516b-5p,AUCUGGAGGUAAGAAGCACUUU,1,0,0,0,0,0
574,hsa-miR-195-5p,UAGCAGCACAGAAAUAUUGGC,1,0,0,1,1,1
575,hsa-miR-609,AGGGUGUUUCUCUCAUCUCU,1,0,0,0,0,0
576,hsa-miR-302a-3p,UAAGUGCUUCCAUGUUUUGGUGA,1,0,0,0,1,0
577,hsa-miR-501-5p,AAUCCUUUGUCCCUGGGUGAGA,1,0,1,1,1,1
578,hsa-miR-186-5p,CAAAGAAUUCUCCUUUUGGGCU,1,1,1,1,1,1
579,hsa-miR-329-3p,AACACACCUGGUUAACCUCUUU,1,0,0,1,0,0
580,hsa-miR-200c-3p,UAAUACUGCCGGGUAAUGAUGGA,1,1,1,1,1,1
581,hsa-miR-374b-5p,AUAUAAUACAACCUGCUAAGUG,1,1,1,1,1,1
582,hsa-miR-3679-5p,UGAGGAUAUGGCAGGGAAGGGGA,1,0,0,0,0,0
583,hsa-miR-10a-5p,UACCCUGUAGAUCCGAAUUUGUG,1,1,1,1,1,1
584,hsa-miR-367-5p,ACUGUUGCUAAUAUGCAACUCU,1,0,0,1,0,0
585,hsa-miR-4285,GCGGCGAGUCCGACUCAU,1,0,0,0,0,0
586,hsa-miR-19a-3p,UGUGCAAAUCUAUGCAAAACUGA,1,1,0,1,1,1
587,hsa-miR-592,UUGUGUCAAUAUGCGAUGAUGU,1,0,0,0,1,0
588,hsa-miR-129-5p,CUUUUUGCGGUCUGGGCUUGC,1,0,0,1,1,0
589,hsa-miR-450b-5p,UUUUGCAAUAUGUUCCUGAAUA,1,0,0,0,0,1
590,hsa-miR-3137,UCUGUAGCCUGGGAGCAAUGGGGU,0,0,0,0,1,0
591,hsa-miR-452-3p,CUCAUCUGCAAAGAAGUAAGUG,1,0,0,0,0,0
592,hsa-miR-1468-3p,AGCAAAAUAAGCAAAUGGAAAA,0,0,0,0,1,0
593,hsa-miR-500b-5p,AAUCCUUGCUACCUGGGU,0,0,0,0,0,1
594,hsa-miR-523-3p,GAACGCGCUUCCCUAUAGAGGGU,1,0,0,1,1,0
595,hsa-miR-193b-3p,AACUGGCCCUCAAAGUCCCGCU,1,1,1,1,1,1
596,hsa-miR-34c-3p,AAUCACUAACCACACGGCCAGG,1,0,0,0,0,0
597,hsa-miR-137,UUAUUGCUUAAGAAUACGCGUAG,1,0,0,0,0,1
598,hsa-miR-1296-3p,GAGUGGGGCUUCGACCCUAACC,1,0,1,0,0,1
599,hsa-miR-495-3p,AAACAAACAUGGUGCACUUCUU,1,0,1,1,0,0
600,hsa-miR-758-5p,GAUGGUUGACCAGAGAGCACAC,1,0,0,0,0,0
601,hsa-miR-181b-5p,AACAUUCAUUGCUGUCGGUGGGU,1,1,1,1,1,1
602,hsa-miR-148a-3p,UCAGUGCACUACAGAACUUUGU,1,1,1,1,1,1
603,hsa-let-7a-2-3p,CUGUACAGCCUCCUAGCUUUCC,1,0,0,0,0,1
604,hsa-miR-125b-5p,UCCCUGAGACCCUAACUUGUGA,1,1,1,1,1,1
605,hsa-miR-2116-5p,GGUUCUUAGCAUAGGAGGUCU,0,0,0,0,0,1
606,hsa-miR-502-3p,AAUGCACCUGGGCAAGGAUUCA,1,1,1,1,1,1
607,hsa-miR-193a-5p,UGGGUCUUUGCGGGCGAGAUGA,1,1,1,1,1,1
608,hsa-miR-337-5p,GAACGGCUUCAUACAGGAGUU,1,0,0,0,0,0
609,hsa-miR-134-5p,UGUGACUGGUUGACCAGAGGGG,1,0,1,1,1,0
610,hsa-miR-122-3p,AACGCCAUUAUCACACUAAAUA,0,0,0,0,1,0
611,hsa-miR-323a-3p,CACAUUACACGGUCGACCUCU,1,0,1,1,1,0
612,hsa-miR-1298-3p,CAUCUGGGCAACUGACUGAAC,1,0,0,0,1,0
613,hsa-miR-532-5p,CAUGCCUUGAGUGUAGGACCGU,1,1,1,1,1,1
614,hsa-miR-433-3p,AUCAUGAUGGGCUCCUCGGUGU,1,0,1,0,1,0
615,hsa-miR-1290,UGGAUUUUUGGAUCAGGGA,1,0,0,1,1,0
616,hsa-miR-432-5p,UCUUGGAGUAGGUCAUUGGGUGG,1,0,1,1,1,0
617,hsa-miR-3074-3p,GAUAUCAGCUCAGUAGGCACCG,1,0,0,0,0,1
618,hsa-miR-298,AGCAGAAGCAGGGAGGUUCUCCCA,1,0,0,0,0,0
619,hsa-miR-504-5p,AGACCCUGGUCUGCACUCUAUC,1,0,0,0,1,1
620,hsa-miR-518c-5p,UCUCUGGAGGGAAGCACUUUCUG,1,0,0,0,1,0
621,hsa-miR-551b-5p,GAAAUCAAGCGUGGGUGAGACC,1,0,0,0,0,0
622,hsa-miR-186-3p,GCCCAAAGGUGAAUUUUUUGGG,1,0,0,0,0,0
623,hsa-miR-185-3p,AGGGGCUGGCUUUCCUCUGGUC,1,0,0,0,1,0
624,hsa-miR-29a-5p,ACUGAUUUCUUUUGGUGUUCAG,0,0,1,1,0,0
625,hsa-miR-211-5p,UUCCCUUUGUCAUCCUUCGCCU,1,0,0,0,1,0
626,hsa-miR-518b,CAAAGCGCUCCCCUUUAGAGGU,1,0,0,0,1,0
627,hsa-miR-616-5p,ACUCAAAACCCUUCAGUGACUU,1,0,0,0,0,0
628,hsa-miR-4259,CAGUUGGGUCUAGGGGUCAGGA,0,0,0,0,1,0
629,hsa-miR-518d-5p,CUCUAGAGGGAAGCACUUUCUG,1,0,0,0,0,0
630,hsa-miR-625-3p,GACUAUAGAACUUUCCCCCUCA,1,0,0,1,1,0
631,hsa-miR-3160-3p,AGAGCUGAGACUAGAAAGCCCA,1,0,0,0,0,0
632,hsa-miR-1224-5p,GUGAGGACUCGGGAGGUGG,1,0,1,1,0,0
633,hsa-miR-154-5p,UAGGUUAUCCGUGUUGCCUUCG,1,0,1,0,0,0
634,hsa-miR-26a-5p,UUCAAGUAAUCCAGGAUAGGCU,1,1,1,1,1,1
635,hsa-miR-1266-3p,CCCUGUUCUAUGCCCUGAGGGA,0,0,1,0,0,0
636,hsa-miR-4712-3p,AAUGAGAGACCUGUACUGUAU,0,0,0,0,1,0
637,hsa-miR-98-3p,CUAUACAACUUACUACUUUCCC,1,0,0,0,0,0
638,hsa-miR-185-5p,UGGAGAGAAAGGCAGUUCCUGA,1,1,1,1,1,1
639,hsa-miR-150-3p,CUGGUACAGGCCUGGGGGACAG,1,0,0,0,1,0
640,hsa-miR-548a-3p,CAAAACUGGCAAUUACUUUUGC,0,0,0,1,1,0
641,hsa-miR-145-3p,GGAUUCCUGGAAAUACUGUUCU,1,0,0,0,1,0
642,hsa-miR-486-3p,CGGGGCAGCUCAGUACAGGAU,1,1,0,0,1,0
643,hsa-miR-93-3p,ACUGCUGAGCUAGCACUUCCCG,1,0,1,1,1,0
644,hsa-miR-564,AGGCACGGUGUCAGCAGGC,1,0,0,1,0,0
645,hsa-miR-203b-5p,UAGUGGUCCUAAACAUUUCACA,1,0,0,0,0,0
646,hsa-miR-92a-3p,UAUUGCACUUGUCCCGGCCUGU,1,1,1,1,1,1
647,hsa-miR-4485-5p,ACCGCCUGCCCAGUGA,0,0,1,0,0,0
648,hsa-miR-548t-5p,CAAAAGUGAUCGUGGUUUUUG,0,0,0,0,1,0
649,hsa-miR-212-5p,ACCUUGGCUCUAGACUGCUUACU,1,0,0,0,1,0
650,hsa-miR-590-3p,UAAUUUUAUGUAUAAGCUAGU,1,0,0,1,0,1
651,hsa-miR-205-3p,GAUUUCAGUGGAGUGAAGUUC,1,0,0,0,0,0
652,hsa-miR-4664-3p,CUUCCGGUCUGUGAGCCCCGUC,1,0,0,0,0,0
653,hsa-miR-132-5p,ACCGUGGCUUUCGAUUGUUACU,1,0,0,1,1,0
654,hsa-miR-181c-5p,AACAUUCAACCUGUCGGUGAGU,1,1,1,1,1,1
655,hsa-miR-2277-3p,UGACAGCGCCCUGCCUGGCUC,0,0,0,0,0,1
656,hsa-miR-3175,CGGGGAGAGAACGCAGUGACGU,0,0,0,0,0,1
657,hsa-miR-542-5p,UCGGGGAUCAUCAUGUCACGAGA,1,0,1,0,0,1
658,hsa-miR-365a-5p,AGGGACUUUUGGGGGCAGAUGUG,1,0,1,0,1,1
659,hsa-miR-23a-5p,GGGGUUCCUGGGGAUGGGAUUU,1,0,0,0,1,0
660,hsa-miR-1275,GUGGGGGAGAGGCUGUC,1,0,1,1,0,1
661,hsa-miR-598-3p,UACGUCAUCGUUGUCAUCGUCA,1,0,1,0,1,1
662,hsa-miR-196b-5p,UAGGUAGUUUCCUGUUGUUGGG,1,1,1,1,0,1
663,hsa-miR-340-5p,UUAUAAAGCAAUGAGACUGAUU,1,1,1,0,1,1
664,hsa-miR-517-5p,CCUCUAGAUGGAAGCACUGUCU,1,0,0,0,1,0
665,hsa-miR-301a-3p,CAGUGCAAUAGUAUUGUCAAAGC,1,1,0,0,1,1
666,hsa-miR-7-1-3p,CAACAAAUCACAGUCUGCCAUA,1,0,0,0,0,1
667,hsa-miR-218-2-3p,CAUGGUUCUGUCAAGCACCGCG,1,0,0,0,0,0
668,hsa-miR-1271-5p,CUUGGCACCUAGCAAGCACUCA,1,0,0,1,1,0
669,hsa-miR-296-5p,AGGGCCCCCCCUCAAUCCUGU,1,1,1,0,1,1
670,hsa-miR-148a-5p,AAAGUUCUGAGACACUCCGACU,1,0,0,1,1,0
671,hsa-miR-361-3p,UCCCCCAGGUGUGAUUCUGAUUU,1,1,0,0,1,1
672,hsa-miR-17-5p,CAAAGUGCUUACAGUGCAGGUAG,1,1,1,1,1,1
673,hsa-miR-4292,CCCCUGGGCCGGCCUUGG,1,0,0,0,0,0
674,hsa-miR-1200,CUCCUGAGCCAUUCUGAGCCUC,1,0,0,0,0,0
675,hsa-miR-520a-5p,CUCCAGAGGGAAGUACUUUCU,1,0,0,0,1,0
676,hsa-miR-365b-3p,UAAUGCCCCUAAAAAUCCUUAU,1,0,0,0,0,1
677,hsa-miR-4745-5p,UGAGUGGGGCUCCCGGGACGGCG,0,0,1,0,0,0
678,hsa-miR-3665,AGCAGGUGCGGGGCGGCG,1,0,0,0,0,0
679,hsa-miR-556-5p,GAUGAGCUCAUUGUAAUAUGAG,0,0,0,0,0,1
680,hsa-miR-29c-3p,UAGCACCAUUUGAAAUCGGUUA,1,1,1,1,1,1
681,hsa-miR-619-5p,GCUGGGAUUACAGGCAUGAGCC,1,0,0,0,0,0
682,hsa-miR-454-3p,UAGUGCAAUAUUGCUUAUAGGGU,1,1,0,0,1,1
683,hsa-miR-196a-5p,UAGGUAGUUUCAUGUUGUUGGG,1,1,1,1,1,1
684,hsa-miR-6722-5p,AGGCGCACCCGACCACAUGC,1,0,0,0,0,0
685,hsa-miR-519c-5p,CUCUAGAGGGAAGCGCUUUCUG,1,0,0,0,0,0
686,hsa-miR-25-3p,CAUUGCACUUGUCUCGGUCUGA,1,1,1,1,1,1
687,hsa-miR-619-3p,GACCUGGACAUGUUUGUGCCCAGU,0,0,0,0,0,1
688,hsa-miR-362-5p,AAUCCUUGGAACCUAGGUGUGAGU,1,1,1,1,0,1
689,hsa-miR-92a-1-5p,AGGUUGGGAUCGGUUGCAAUGCU,1,0,1,1,1,1
690,hsa-miR-551a,GCGACCCACUCUUGGUUUCCA,1,0,0,0,0,0
691,hsa-miR-612,GCUGGGCAGGGCUUCUGAGCUCCUU,1,0,0,0,0,0
692,hsa-miR-548j-5p,AAAAGUAAUUGCGGUCUUUGGU,0,0,0,0,1,1
693,hsa-miR-767-3p,UCUGCUCAUACCCCAUGGUUUCU,1,1,0,0,0,1
694,hsa-miR-522-3p,AAAAUGGUUCCCUUUAGAGUGU,1,0,0,0,0,1
695,hsa-miR-4646-3p,AUUGUCCCUCUCCCUUCCCAG,1,0,0,0,0,0
696,hsa-miR-299-5p,UGGUUUACCGUCCCACAUACAU,1,0,0,0,0,0
697,hsa-miR-545-5p,UCAGUAAAUGUUUAUUAGAUGA,1,0,0,0,0,0
698,hsa-miR-589-5p,UGAGAACCACGUCUGCUCUGAG,1,1,1,0,1,1
699,hsa-miR-935,CCAGUUACCGCUUCCGCUACCGC,1,0,0,0,0,1
700,hsa-miR-638,AGGGAUCGCGGGCGGGUGGCGGCCU,1,0,1,1,1,0
701,hsa-miR-518e-5p,CUCUAGAGGGAAGCGCUUUCUG,1,0,0,0,0,0
702,hsa-miR-193b-5p,CGGGGUUUUGAGGGCGAGAUGA,1,0,1,1,1,0
703,hsa-miR-1827,UGAGGCAGUAGAUUGAAU,1,0,0,0,0,0
704,hsa-miR-148b-3p,UCAGUGCAUCACAGAACUUUGU,1,1,1,1,1,1
705,hsa-miR-151b,UCGAGGAGCUCACAGUCU,1,0,0,0,1,0
706,hsa-miR-219a-5p,UGAUUGUCCAAACGCAAUUCU,1,0,0,1,0,1
707,hsa-miR-711,GGGACCCAGGGAGAGACGUAAG,1,0,0,0,0,0
708,hsa-miR-409-3p,GAAUGUUGCUCGGUGAACCCCU,1,0,1,1,1,0
709,hsa-miR-7975,AUCCUAGUCACGGCACCA,1,0,0,0,0,0
710,hsa-miR-508-5p,UACUCCAGAGGGCGUCACUCAUG,1,0,0,0,0,0
711,hsa-miR-320e,AAAGCUGGGUUGAGAAGG,0,0,0,1,1,1
712,hsa-miR-639,AUCGCUGCGGUUGCGAGCGCUGU,0,0,0,0,0,1
713,hsa-miR-362-3p,AACACACCUAUUCAAGGAUUCA,1,0,0,0,0,0
714,hsa-miR-367-3p,AAUUGCACUUUAGCAAUGGUGA,1,0,0,0,0,0
715,hsa-miR-519b-3p,AAAGUGCAUCCUUUUAGAGGUU,1,0,0,0,0,0
716,hsa-let-7g-5p,UGAGGUAGUAGUUUGUACAGUU,1,1,1,1,1,1
717,hsa-miR-30c-5p,UGUAAACAUCCUACACUCUCAGC,1,1,1,1,1,1
718,hsa-miR-525-5p,CUCCAGAGGGAUGCACUUUCU,1,0,0,0,1,0
719,hsa-miR-122-5p,UGGAGUGUGACAAUGGUGUUUG,1,1,1,1,1,1
720,hsa-miR-4449,CGUCCCGGGGCUGCGCGAGGCA,0,0,0,0,1,0
721,hsa-miR-141-5p,CAUCUUCCAGUACAGUGUUGGA,1,0,0,1,0,0
722,hsa-miR-3648,AGCCGCGGGGAUCGCCGAGGG,0,0,1,0,0,0
723,hsa-miR-33b-3p,CAGUGCCUCGGCAGUGCAGCCC,1,0,0,0,0,0
724,hsa-miR-943,CUGACUGUUGCCGUCCUCCAG,1,0,0,1,1,0
725,hsa-miR-487a-3p,AAUCAUACAGGGACAUCCAGUU,1,0,0,0,1,0
726,hsa-miR-605-5p,UAAAUCCCAUGGUGCCUUCUCCU,1,0,0,0,0,0
727,hsa-miR-3184-5p,UGAGGGGCCUCAGACCGAGCUUUU,1,0,0,0,0,0
728,hsa-miR-517a-3p,AUCGUGCAUCCCUUUAGAGUGU,1,0,0,0,1,0
729,hsa-miR-626,AGCUGUCUGAAAAUGUCUU,0,0,0,0,1,0
730,hsa-miR-18a-5p,UAAGGUGCAUCUAGUGCAGAUAG,1,1,1,1,1,1
731,hsa-miR-744-5p,UGCGGGGCUAGGGCUAACAGCA,1,1,1,1,1,1
732,hsa-let-7e-5p,UGAGGUAGGAGGUUGUAUAGUU,1,1,1,1,1,1
733,hsa-miR-136-3p,CAUCAUCGUCUCAAAUGAGUCU,1,0,0,1,1,0
734,hsa-miR-580-3p,UUGAGAAUGAUGAAUCAUUAGG,0,0,0,0,0,1
735,hsa-miR-4326,UGUUCCUCUGUCUCCCAGAC,0,0,0,0,0,1
736,hsa-miR-4420,GUCACUGAUGUCUGUAGCUGAG,1,0,0,0,0,0
737,hsa-miR-500a-3p,AUGCACCUGGGCAAGGAUUCUG,1,0,1,1,1,0
738,hsa-miR-105-5p,UCAAAUGCUCAGACUCCUGUGGU,1,1,0,0,0,1
739,hsa-miR-520c-3p,AAAGUGCUUCCUUUUAGAGGGU,1,0,0,1,1,0
740,hsa-miR-940,AAGGCAGGGCCCCCGCUCCCC,1,0,1,1,1,1
741,hsa-miR-216a-3p,UCACAGUGGUCUCUGGGAUUAU,1,0,0,0,0,0
742,hsa-miR-4275,CCAAUUACCACUUCUUU,0,0,0,0,1,0
743,hsa-miR-431-5p,UGUCUUGCAGGCCGUCAUGCA,1,0,0,0,0,0
744,hsa-miR-181c-3p,AACCAUCGACCGUUGAGUGGAC,1,0,1,0,1,0
745,hsa-miR-519e-5p,UUCUCCAAAAGGGAGCACUUUC,1,0,0,0,0,0
746,hsa-miR-6769b-3p,CCCUCUCUGUCCCACCCAUAG,1,0,0,0,0,0
747,hsa-miR-665,ACCAGGAGGCUGAGGCCCCU,1,0,0,0,0,0
748,hsa-miR-550a-3-5p,AGUGCCUGAGGGAGUAAGAG,0,0,0,1,0,0
749,hsa-miR-1180-5p,GGACCCACCCGGCCGGGAAUA,1,0,1,0,1,1
750,hsa-miR-4298,CUGGGACAGGAGGAGGAGGCAG,0,0,0,1,0,0
751,hsa-miR-216b-3p,ACACACUUACCCGUAGAGAUUCUA,1,0,0,0,0,1
752,hsa-miR-595,GAAGUGUGCCGUGGUGUGUCU,1,0,1,0,0,1
753,hsa-miR-6513-3p,UCAAGUGUCAUCUGUCCCUAG,1,0,0,0,0,0
754,hsa-miR-593-3p,UGUCUCUGCUGGGGUUUCU,1,0,0,0,0,0
755,hsa-miR-573,CUGAAGUGAUGUGUAACUGAUCAG,1,0,0,0,0,1
756,hsa-miR-135a-5p,UAUGGCUUUUUAUUCCUAUGUGA,1,1,0,1,1,1
757,hsa-miR-32-3p,CAAUUUAGUGUGUGUGAUAUUU,1,0,0,0,0,0
758,hsa-miR-127-5p,CUGAAGCUCAGAGGGCUCUGAU,1,0,0,1,1,0
759,hsa-miR-708-3p,CAACUAGACUGUGAGCUUCUAG,1,0,0,1,0,0
760,hsa-miR-342-3p,UCUCACACAGAAAUCGCACCCGU,1,1,1,1,1,1
761,hsa-miR-100-5p,AACCCGUAGAUCCGAACUUGUG,1,1,1,1,1,1
762,hsa-miR-664b-3p,UUCAUUUGCCUCCCAGCCUACA,1,0,0,0,0,0
763,hsa-miR-1305,UUUUCAACUCUAAUGGGAGAGA,1,0,0,0,0,0
764,hsa-miR-323b-5p,AGGUUGUCCGUGGUGAGUUCGCA,1,0,0,0,1,0
765,hsa-miR-423-5p,UGAGGGGCAGAGAGCGAGACUUU,1,1,1,1,1,1
766,hsa-miR-663b,GGUGGCCCGGCCGUGCCUGAGG,0,0,0,1,1,0
767,hsa-miR-15a-3p,CAGGCCAUAUUGUGCUGCCUCA,1,0,0,0,0,0
768,hsa-miR-582-3p,UAACUGGUUGAACAACUGAACC,0,1,0,0,1,1
769,hsa-miR-4484,AAAAGGCGGGAGAAGCCCCA,1,0,0,0,1,0
770,hsa-miR-4497,CUCCGGGACGGCUGGGC,1,0,0,0,0,0
771,hsa-miR-20b-3p,ACUGUAGUAUGGGCACUUCCAG,1,0,1,0,1,0
772,hsa-miR-548j-3p,CAAAAACUGCAUUACUUUUGC,0,0,0,0,1,0
773,hsa-miR-324-3p,ACUGCCCCAGGUGCUGCUGG,1,1,1,0,1,1
774,hsa-miR-106b-3p,CCGCACUGUGGGUACUUGCUGC,1,0,1,0,1,0
775,hsa-miR-520g-5p,UCUAGAGGAAGCACUUUCUGUUU,1,0,0,0,0,0
776,hsa-miR-376b-3p,AUCAUAGAGGAAAAUCCAUGUU,1,0,0,0,0,0
777,hsa-let-7b-5p,UGAGGUAGUAGGUUGUGUGGUU,1,1,1,1,1,1
778,hsa-miR-10b-5p,UACCCUGUAGAACCGAAUUUGUG,1,1,1,1,1,1
779,hsa-miR-34b-5p,UAGGCAGUGUCAUUAGCUGAUUG,1,0,1,1,1,0
780,hsa-let-7a-5p,UGAGGUAGUAGGUUGUAUAGUU,1,1,1,1,1,1
781,hsa-miR-769-3p,CUGGGAUCUCCGGGGUCUUGGUU,1,0,0,0,0,1
782,hsa-miR-509-3p,UGAUUGGUACGUCUGUGGGUAG,1,0,0,1,0,0
783,hsa-miR-539-3p,AUCAUACAAGGACAAUUUCUUU,1,0,0,0,1,0
784,hsa-miR-3135b,GGCUGGAGCGAGUGCAGUGGUG,0,0,0,0,1,0
785,hsa-miR-29b-2-5p,CUGGUUUCACAUGGUGGCUUAG,1,0,1,1,0,1
786,hsa-miR-516b-3p,UGCUUCCUUUCAGAGGGU,1,0,0,0,0,0
787,hsa-miR-1306-3p,ACGUUGGCUCUGGUGGUG,0,1,1,0,0,1
788,hsa-miR-891a-5p,UGCAACGAACCUGAGCCACUGA,1,0,0,1,0,1
789,hsa-miR-4750-5p,CUCGGGCGGAGGUGGUUGAGUG,0,0,1,0,0,0
790,hsa-miR-663a,AGGCGGGGCGCCGCGGGACCGC,1,0,1,1,1,1
791,hsa-miR-221-3p,AGCUACAUUGUCUGCUGGGUUUC,1,1,1,1,1,1
792,hsa-miR-3928-5p,UGAAGCUCUAAGGUUCCGCCUGC,0,0,1,0,1,0
793,hsa-miR-489-3p,GUGACAUCACAUAUACGGCAGC,1,0,0,1,0,0
794,hsa-miR-208b-3p,AUAAGACGAACAAAAGGUUUGU,1,0,0,0,0,0
795,hsa-miR-1237-3p,UCCUUCUGCUCCGUCCCCCAG,1,0,0,0,0,0
796,hsa-miR-1226-3p,UCACCAGCCCUGUGUUCCCUAG,0,0,0,0,0,1
797,hsa-miR-1294,UGUGAGGUUGGCAUUGUUGUCU,1,0,0,1,1,0
798,hsa-miR-541-3p,UGGUGGGCACAGAAUCUGGACU,1,0,0,0,0,0
799,hsa-miR-371a-3p,AAGUGCCGCCAUCUUUUGAGUGU,1,0,0,0,0,0
800,hsa-miR-299-3p,UAUGUGGGAUGGUAAACCGCUU,1,0,1,0,0,0
801,hsa-miR-1264,CAAGUCUUAUUUGAGCACCUGUU,1,0,0,0,0,0
802,hsa-miR-944,AAAUUAUUGUACAUCGGAUGAG,0,1,0,0,0,1
803,hsa-miR-17-3p,ACUGCAGUGAAGGCACUUGUAG,1,0,1,1,1,0
804,hsa-miR-651-3p,AAAGGAAAGUGUAUCCUAAAAG,1,0,0,0,0,1
805,hsa-miR-222-3p,AGCUACAUCUGGCUACUGGGU,1,1,1,1,1,1
806,hsa-miR-451a,AAACCGUUACCAUUACUGAGUU,1,0,0,1,1,0
807,hsa-miR-1263,AUGGUACCCUGGCAUACUGAGU,1,0,0,0,0,0
808,hsa-miR-1908-5p,CGGCGGGGACGGCGAUUGGUC,1,0,1,1,0,1
809,hsa-miR-212-3p,UAACAGUCUCCAGUCACGGCC,1,1,1,1,1,1
810,hsa-miR-320c,AAAAGCUGGGUUGAGAGGGU,1,1,1,1,1,1
811,hsa-miR-5001-5p,AGGGCUGGACUCAGCGGCGGAGCU,0,0,0,0,1,0
812,hsa-miR-576-3p,AAGAUGUGGAAAAAUUGGAAUC,1,0,0,0,1,0
813,hsa-miR-381-5p,AGCGAGGUUGCCCUUUGUAUAU,1,0,0,0,0,0
814,hsa-miR-1268a,CGGGCGUGGUGGUGGGGG,1,0,1,1,1,0
815,hsa-miR-1266-5p,CCUCAGGGCUGUAGAACAGGGCU,1,0,1,0,0,0
816,hsa-miR-671-3p,UCCGGUUCUCAGGGCUCCACC,1,0,0,1,0,0
817,hsa-miR-4448,GGCUCCUUGGUCUAGGGGUA,1,0,0,1,0,0
818,hsa-miR-649,AAACCUGUGUUGUUCAAGAGUC,1,0,0,0,0,0
819,hsa-miR-372-5p,CCUCAAAUGUGGAGCACUAUUCU,1,0,0,0,1,0
820,hsa-miR-191-5p,CAACGGAAUCCCAAAAGCAGCUG,1,1,1,1,1,1
821,hsa-miR-576-5p,AUUCUAAUUUCUCCACGUCUUU,1,0,0,0,1,1
822,hsa-miR-99b-3p,CAAGCUCGUGUCUGUGGGUCCG,1,0,1,1,1,0
823,hsa-miR-9-3p,AUAAAGCUAGAUAACCGAAAGU,1,0,0,0,1,0
824,hsa-miR-615-3p,UCCGAGCCUGGGUCUCCCUCUU,1,1,1,0,0,0
825,hsa-miR-7-5p,UGGAAGACUAGUGAUUUUGUUGU,1,1,1,1,1,1
826,hsa-miR-505-3p,CGUCAACACUUGCUGGUUUCCU,1,1,1,0,1,1
827,hsa-miR-510-5p,UACUCAGGAGAGUGGCAAUCAC,1,0,0,0,0,0
828,hsa-miR-512-5p,CACUCAGCCUUGAGGGCACUUUC,1,0,0,0,0,0
829,hsa-miR-519b-5p,CUCUAGAGGGAAGCGCUUUCUG,1,0,0,0,0,0
830,hsa-miR-511-3p,AAUGUGUAGCAAAAGACAGA,1,0,0,0,0,0
831,hsa-miR-3529-3p,AACAACAAAAUCACUAGUCUUCCA,1,0,0,0,0,0
832,hsa-let-7a-3p,CUAUACAAUCUACUGUCUUUC,1,0,0,1,0,1
833,hsa-miR-380-3p,UAUGUAAUAUGGUCCACAUCUU,1,0,0,1,0,0
834,hsa-miR-657,GGCAGGUUCUCACCCUCUCUAGG,1,0,0,0,0,0
835,hsa-miR-887-3p,GUGAACGGGCGCCAUCCCGAGG,1,0,0,0,0,0
836,hsa-miR-1248,ACCUUCUUGUAUAAGCACUGUGCUAAA,0,0,1,0,0,0
837,hsa-miR-214-3p,ACAGCAGGCACAGACAGGCAGU,1,0,1,1,1,0
838,hsa-miR-548k,AAAAGUACUUGCGGAUUUUGCU,0,0,0,0,1,1
839,hsa-miR-373-3p,GAAGUGCUUCGAUUUUGGGGUGU,1,0,0,1,0,0
840,hsa-miR-1273g-3p,ACCACUGCACUCCAGCCUGAG,1,0,0,0,1,0
841,hsa-miR-27a-3p,UUCACAGUGGCUAAGUUCCGC,1,1,1,1,1,1
842,hsa-miR-3190-5p,UCUGGCCAGCUACGUCCCCA,0,0,0,0,1,0
843,hsa-miR-6132,AGCAGGGCUGGGGAUUGCA,0,0,0,0,1,0
844,hsa-miR-708-5p,AAGGAGCUUACAAUCUAGCUGGG,1,0,1,1,0,0
845,hsa-miR-548l,AAAAGUAUUUGCGGGUUUUGUC,0,0,0,0,1,0
846,hsa-miR-361-5p,UUAUCAGAAUCUCCAGGGGUAC,1,1,1,1,1,1
847,hsa-miR-492,AGGACCUGCGGGACAAGAUUCUU,1,0,0,0,0,0
848,hsa-miR-187-5p,GGCUACAACACAGGACCCGGGC,1,0,0,0,1,0
849,hsa-miR-548g-5p,UGCAAAAGUAAUUGCAGUUUUUG,0,0,0,0,1,0
850,hsa-miR-15a-5p,UAGCAGCACAUAAUGGUUUGUG,1,1,1,1,1,1
851,hsa-let-7f-2-3p,CUAUACAGUCUACUGUCUUUCC,1,0,0,0,0,0
852,hsa-miR-30d-5p,UGUAAACAUCCCCGACUGGAAG,1,1,1,1,1,1
853,hsa-miR-181b-3p,CUCACUGAACAAUGAAUGCAA,1,0,0,1,0,0
854,hsa-miR-548e-3p,AAAAACUGAGACUACUUUUGCA,1,1,0,0,0,1
855,hsa-miR-629-3p,GUUCUCCCAACGUAAGCCCAGC,1,0,0,1,0,0
856,hsa-miR-891a-3p,AGUGGCACAUGUUUGUUGUGAG,0,0,0,0,1,1
857,hsa-miR-655-5p,AGAGGUUAUCCGUGUUAUGUUC,1,0,0,0,0,0
858,hsa-miR-25-5p,AGGCGGAGACUUGGGCAAUUG,0,0,1,1,1,0
859,hsa-miR-431-3p,CAGGUCGUCUUGCAGGGCUUCU,1,0,1,1,0,0
860,hsa-miR-3654,GACUGGACAAGCUGAGGAA,0,0,1,0,0,0
861,hsa-miR-193a-3p,AACUGGCCUACAAAGUCCCAGU,1,1,0,1,1,1
862,hsa-miR-1224-3p,CCCCACCUCCUCUCUCCUCAG,1,0,0,0,0,0
863,hsa-miR-330-5p,UCUCUGGGCCUGUGUCUUAGGC,1,1,0,0,0,1
864,hsa-miR-627-3p,UCUUUUCUUUGAGACUCACU,0,0,0,0,1,1
865,hsa-miR-376a-3p,AUCAUAGAGGAAAAUCCACGU,1,0,1,1,1,0
866,hsa-miR-3126-5p,UGAGGGACAGAUGCCAGAAGCA,0,0,0,0,0,1
867,hsa-miR-519e-3p,AAGUGCCUCCUUUUAGAGUGUU,1,0,0,0,0,0
868,hsa-miR-521,AACGCACUUCCCUUUAGAGUGU,1,0,0,0,0,0
869,hsa-miR-762,GGGGCUGGGGCCGGGGCCGAGC,0,0,0,1,1,0
870,hsa-miR-378f,ACUGGACUUGGAGCCAGAAG,0,0,0,1,1,0
871,hsa-miR-676-3p,CUGUCCUAAGGUUGUUGAGUU,1,0,0,0,0,0
872,hsa-miR-1255a,AGGAUGAGCAAAGAAAGUAGAUU,0,0,1,0,0,1
873,hsa-miR-622,ACAGUCUGCUGAGGUUGGAGC,1,0,0,0,0,0
874,hsa-miR-450b-3p,UUGGGAUCAUUUUGCAUCCAUA,0,0,0,0,1,0
875,hsa-miR-550b-2-5p,AUGUGCCUGAGGGAGUAAGACA,1,0,0,0,0,0
876,hsa-miR-1228-5p,GUGGGCGGGGGCAGGUGUGUG,1,0,0,0,1,0
877,hsa-miR-3192-3p,CUCUGAUCGCCCUCUCAGCUC,0,0,1,0,1,1
878,hsa-miR-651-5p,UUUAGGAUAAGCUUGACUUUUG,1,0,0,0,0,1
879,hsa-miR-128-3p,UCACAGUGAACCGGUCUCUUU,1,1,1,1,1,1
880,hsa-miR-1197,UAGGACACAUGGUCUACUUCU,1,0,0,0,1,0
881,hsa-miR-409-5p,AGGUUACCCGAGCAACUUUGCAU,1,0,0,1,1,0
882,hsa-miR-3168,GAGUUCUACAGUCAGAC,1,0,0,0,0,0
883,hsa-miR-1293,UGGGUGGUCUGGAGAUUUGUGC,0,1,1,0,1,1
884,hsa-miR-152-3p,UCAGUGCAUGACAGAACUUGG,1,1,1,1,1,1
885,hsa-miR-3194-5p,GGCCAGCCACCAGGAGGGCUG,1,0,0,0,0,0
886,hsa-miR-1909-3p,CGCAGGGGCCGGGUGCUCACCG,1,0,0,1,0,0
887,hsa-miR-146a-5p,UGAGAACUGAAUUCCAUGGGUU,1,0,0,1,1,0
888,hsa-miR-208a-3p,AUAAGACGAGCAAAAAGCUUGU,1,0,0,0,1,0
889,hsa-miR-338-3p,UCCAGCAUCAGUGAUUUUGUUG,1,1,0,1,1,1
890,hsa-miR-1250-5p,ACGGUGCUGGAUGUGGCCUUU,0,0,1,0,1,1
891,hsa-miR-26a-1-3p,CCUAUUCUUGGUUACUUGCACG,1,0,1,0,0,1
892,hsa-miR-3664-3p,UCUCAGGAGUAAAGACAGAGUU,1,0,0,0,0,0
893,hsa-miR-199b-3p,ACAGUAGUCUGCACAUUGGUUA,1,1,0,1,1,1
894,hsa-miR-522-5p,CUCUAGAGGGAAGCGCUUUCUG,1,0,0,0,0,0
895,hsa-miR-519a-5p,CUCUAGAGGGAAGCGCUUUCUG,1,0,0,0,0,0
896,hsa-miR-574-3p,CACGCUCAUGCACACACCCACA,1,1,1,1,1,1
897,hsa-miR-151a-5p,UCGAGGAGCUCACAGUCUAGU,1,1,1,0,1,1
898,hsa-miR-515-5p,UUCUCCAAAAGAAAGCACUUUCUG,1,0,0,1,1,0
899,hsa-miR-551b-3p,GCGACCCAUACUUGGUUUCAG,1,0,0,0,1,0
900,hsa-miR-16-2-3p,CCAAUAUUACUGUGCUGCUUUA,1,0,0,1,1,1
901,hsa-miR-26b-5p,UUCAAGUAAUUCAGGAUAGGU,1,1,1,1,1,1
902,hsa-miR-1469,CUCGGCGCGGGGCGCGGGCUCC,1,0,0,1,0,0
903,hsa-miR-345-3p,GCCCUGAACGAGGGGUCUGGAG,1,0,0,0,0,0
904,hsa-miR-424-5p,CAGCAGCAAUUCAUGUUUUGAA,1,1,1,0,1,1
905,hsa-miR-6087,UGAGGCGGGGGGGCGAGC,1,0,0,0,1,0
906,hsa-miR-4521,GCUAAGGAAGUCCUGUGCUCAG,1,0,0,0,0,0
907,hsa-miR-378a-5p,CUCCUGACUCCAGGUCCUGUGU,1,1,1,1,1,1
908,hsa-miR-520b,AAAGUGCUUCCUUUUAGAGGG,1,0,0,0,0,0
909,hsa-miR-449a,UGGCAGUGUAUUGUUAGCUGGU,1,0,1,0,1,0
910,hsa-miR-33a-5p,GUGCAUUGUAGUUGCAUUGCA,1,1,1,1,1,1
911,hsa-miR-617,AGACUUCCCAUUUGAAGGUGGC,1,0,0,0,1,0
912,hsa-miR-6515-3p,UCUCUUCAUCUACCCCCCAG,1,0,0,0,1,0
913,hsa-miR-23b-3p,AUCACAUUGCCAGGGAUUACC,1,1,1,1,1,1
914,hsa-miR-24-2-5p,UGCCUACUGAGCUGAAACACAG,1,0,1,0,0,1
915,hsa-miR-223-5p,CGUGUAUUUGACAAGCUGAGUU,1,0,0,0,1,0
916,hsa-miR-34a-3p,CAAUCAGCAAGUAUACUGCCCU,1,0,0,0,0,0
917,hsa-miR-324-5p,CGCAUCCCCUAGGGCAUUGGUGU,1,1,1,1,1,1
918,hsa-miR-199b-5p,CCCAGUGUUUAGACUAUCUGUUC,1,1,0,1,1,1
919,hsa-miR-203b-3p,UUGAACUGUUAAGAACCACUGGA,1,0,0,0,0,0
920,hsa-miR-95-5p,UCAAUAAAUGUCUGUUGAAUU,1,0,1,0,0,1
921,hsa-miR-28-3p,CACUAGAUUGUGAGCUCCUGGA,1,1,1,1,1,1
922,hsa-miR-519c-3p,AAAGUGCAUCUUUUUAGAGGAU,1,0,0,0,0,0
923,hsa-miR-217,UACUGCAUCAGGAACUGAUUGGA,1,0,0,0,0,1
924,hsa-miR-541-5p,AAAGGAUUCUGCUGUCGGUCCCACU,1,0,0,0,0,0
925,hsa-miR-3200-3p,CACCUUGCGCUACUCAGGUCUG,1,0,0,1,0,1
926,hsa-miR-498,UUUCAAGCCAGGGGGCGUUUUUC,1,0,0,0,1,0
927,hsa-miR-548ar-5p,AAAAGUAAUUGCAGUUUUUGC,0,0,0,0,1,0
928,hsa-miR-455-5p,UAUGUGCCUUUGGACUACAUCG,1,1,0,1,0,1
929,hsa-miR-383-3p,ACAGCACUGCCUGGUCAGA,1,0,0,0,0,0
930,hsa-miR-1587,UUGGGCUGGGCUGGGUUGGG,0,0,0,0,1,0
931,hsa-miR-99a-5p,AACCCGUAGAUCCGAUCUUGUG,1,1,1,1,1,1
932,hsa-miR-1238-5p,GUGAGUGGGAGCCCCAGUGUGUG,0,0,0,1,0,0
933,hsa-miR-1285-3p,UCUGGGCAACAAAGUGAGACCU,1,1,1,1,1,1
934,hsa-miR-4507,CUGGGUUGGGCUGGGCUGGG,0,0,0,0,1,0
935,hsa-miR-202-3p,AGAGGUAUAGGGCAUGGGAA,1,0,0,1,1,0
936,hsa-miR-572,GUCCGCUCGGCGGUGGCCCA,1,0,0,0,1,0
937,hsa-miR-302d-3p,UAAGUGCUUCCAUGUUUGAGUGU,1,0,0,0,0,0
938,hsa-miR-15b-5p,UAGCAGCACAUCAUGGUUUACA,1,1,1,1,1,1
939,hsa-miR-181d-3p,CCACCGGGGGAUGAAUGUCAC,1,0,1,0,1,0
940,hsa-miR-628-5p,AUGCUGACAUAUUUACUAGAGG,1,0,0,0,0,0
941,hsa-miR-18b-5p,UAAGGUGCAUCUAGUGCAGUUAG,1,1,1,1,0,1
942,hsa-miR-636,UGUGCUUGCUCGUCCCGCCCGCA,1,0,0,0,1,1
943,hsa-miR-890,UACUUGGAAAGGCAUCAGUUG,0,0,0,1,0,0
944,hsa-miR-3138,UGUGGACAGUGAGGUAGAGGGAGU,0,0,0,0,1,0
946,hsa-miR-3614-5p,CCACUUGGAUCUGAAGGCUGCCC,0,0,0,0,1,0
947,hsa-miR-1468-5p,CUCCGUUUGCCUGUUUCGCUG,1,0,0,0,1,0
948,hsa-miR-3154,CAGAAGGGGAGUUGGGAGCAGA,0,0,0,0,1,0
949,hsa-miR-520d-5p,CUACAAAGGGAAGCCCUUUC,1,0,0,0,0,0
950,hsa-miR-3181,AUCGGGCCCUCGGCGCCGG,0,0,0,0,0,1
951,hsa-miR-4270,UCAGGGAGUCAGGGGAGGGC,0,0,0,1,0,0
952,hsa-miR-107,AGCAGCAUUGUACAGGGCUAUCA,1,1,1,1,1,1
953,hsa-miR-631,AGACCUGGCCCAGACCUCAGC,1,0,0,0,0,0
954,hsa-miR-506-3p,UAAGGCACCCUUCUGAGUAGA,1,0,0,0,0,0
955,hsa-miR-3162-5p,UUAGGGAGUAGAAGGGUGGGGAG,0,0,0,1,1,0
956,hsa-miR-455-3p,GCAGUCCAUGGGCAUAUACAC,1,1,1,0,1,1
957,hsa-miR-425-3p,AUCGGGAAUGUCGUGUCCGCCC,1,0,1,1,1,0
958,hsa-miR-1250-3p,ACAUUUUCCAGCCCAUUCA,0,0,1,0,1,1
959,hsa-miR-103a-3p,AGCAGCAUUGUACAGGGCUAUGA,1,1,1,1,1,1
960,hsa-miR-181a-2-3p,ACCACUGACCGUUGACUGUACC,1,0,1,0,1,1
961,hsa-miR-520c-5p,CUCUAGAGGGAAGCACUUUCUG,1,0,0,0,0,0
962,hsa-miR-338-5p,AACAAUAUCCUGGUGCUGAGUG,1,1,0,0,1,1
963,hsa-miR-30d-3p,CUUUCAGUCAGAUGUUUGCUGC,1,0,0,0,1,0
964,hsa-miR-376a-5p,GUAGAUUCUCCUUCUAUGAGUA,1,0,0,0,0,0
965,hsa-miR-95-3p,UUCAACGGGUAUUUAUUGAGCA,1,1,1,0,0,1
966,hsa-miR-624-5p,UAGUACCAGUACCUUGUGUUCA,1,0,0,0,0,0
967,hsa-miR-889-5p,AAUGGCUGUCCGUAGUAUGGUC,1,0,0,0,1,0
968,hsa-miR-513a-5p,UUCACAGGGAGGUGUCAU,1,0,1,0,0,0
969,hsa-miR-335-3p,UUUUUCAUUAUUGCUCCUGACC,1,0,0,0,0,0
970,hsa-miR-33b-5p,GUGCAUUGCUGUUGCAUUGC,1,1,0,1,0,1
971,hsa-miR-335-5p,UCAAGAGCAAUAACGAAAAAUGU,1,1,0,0,1,1
972,hsa-miR-9-5p,UCUUUGGUUAUCUAGCUGUAUGA,1,0,1,1,1,0
973,hsa-miR-21-3p,CAACACCAGUCGAUGGGCUGU,1,0,1,1,1,0
974,hsa-miR-2355-5p,AUCCCCAGAUACAAUGGACAA,0,0,0,0,0,1
975,hsa-miR-554,GCUAGUCCUGACUCAGCCAGU,1,0,0,0,0,0
976,hsa-miR-149-5p,UCUGGCUCCGUGUCUUCACUCCC,1,1,1,1,0,1
977,hsa-miR-611,GCGAGGACCCCUCGGGGUCUGAC,1,0,0,0,0,0
978,hsa-miR-597-5p,UGUGUCACUCGAUGACCACUGU,1,0,0,0,0,0
979,hsa-miR-24-3p,UGGCUCAGUUCAGCAGGAACAG,1,1,1,1,1,1
980,hsa-miR-515-3p,GAGUGCCUUCUUUUGGAGCGUU,1,0,0,0,1,0
981,hsa-miR-488-3p,UUGAAAGGCUAUUUCUUGGUC,1,0,0,1,0,0
982,hsa-miR-519a-3p,AAAGUGCAUCCUUUUAGAGUGU,1,0,0,0,1,0
983,hsa-miR-542-3p,UGUGACAGAUUGAUAACUGAAA,1,0,0,0,0,1
984,hsa-miR-1973,ACCGUGCAAAGGUAGCAUA,1,0,1,0,0,0
985,hsa-miR-4749-5p,UGCGGGGACAGGCCAGGGCAUC,0,0,0,0,1,0
986,hsa-miR-520h,ACAAAGUGCUUCCCUUUAGAGU,1,0,0,0,0,0
987,hsa-miR-654-3p,UAUGUCUGCUGACCAUCACCUU,1,0,0,0,0,0
988,hsa-miR-652-3p,AAUGGCGCCACUAGGGUUGUG,1,1,1,1,1,1
989,hsa-miR-448,UUGCAUAUGUAGGAUGUCCCAU,1,1,0,0,1,1
990,hsa-miR-645,UCUAGGCUGGUACUGCUGA,1,0,0,0,0,0
991,hsa-miR-5585-3p,CUGAAUAGCUGGGACUACAGGU,0,0,0,0,1,0
992,hsa-miR-370-3p,GCCUGCUGGGGUGGAACCUGGU,1,0,1,1,1,0
993,hsa-miR-1322,GAUGAUGCUGCUGAUGCUG,1,0,0,0,0,0
994,hsa-miR-1246,AAUGGAUUUUUGGAGCAGG,1,0,1,0,1,1
995,hsa-miR-579-5p,UCGCGGUUUGUGCCAGAUGACG,1,0,0,1,0,1
996,hsa-miR-204-5p,UUCCCUUUGUCAUCCUAUGCCU,1,0,0,1,1,1
997,hsa-miR-549a,UGACAACUAUGGAUGAGCUCU,1,0,0,0,0,0
998,hsa-miR-1251-3p,CGCUUUGCUCAGCCAGUGUAG,1,0,0,0,0,0
999,hsa-miR-101-5p,CAGUUAUCACAGUGCUGAUGCU,1,0,0,1,1,0
1000,hsa-miR-320b,AAAAGCUGGGUUGAGAGGGCAA,1,1,1,1,1,1
1001,hsa-miR-658,GGCGGAGGGAAGUAGGUCCGUUGGU,1,0,0,0,0,0
1002,hsa-miR-655-3p,AUAAUACAUGGUUAACCUCUUU,1,0,0,0,0,0
1003,hsa-miR-3065-5p,UCAACAAAAUCACUGAUGCUGGA,1,0,0,0,0,1
1004,hsa-miR-412-3p,ACUUCACCUGGUCCACUAGCCGU,1,0,0,0,0,0
1005,hsa-miR-376c-3p,AACAUAGAGGAAAUUCCACGU,1,0,1,1,0,0
1006,hsa-miR-29b-1-5p,GCUGGUUUCAUAUGGUGGUUUAGA,0,0,1,0,0,1
1007,hsa-miR-3169,UAGGACUGUGCUUGGCACAUAG,0,0,0,0,1,0
1008,hsa-miR-561-3p,CAAAGUUUAAGAUCCUUGAAGU,0,0,0,0,0,1
1009,hsa-miR-889-3p,UUAAUAUCGGACAACCAUUGU,1,0,0,0,0,0
1010,hsa-miR-548c-5p,AAAAGUAAUUGCGGUUUUUGCC,1,0,0,0,1,0
1011,hsa-miR-7974,AGGCUGUGAUGCUCUCCUGAGCCC,1,0,0,0,0,0
1012,hsa-miR-320d,AAAAGCUGGGUUGAGAGGA,1,1,0,1,1,1
1013,hsa-miR-6131,GGCUGGUCAGAUGGGAGUG,1,0,0,0,0,0
1014,hsa-miR-1911-5p,UGAGUACCGCCAUGUCUGUUGGG,1,0,0,0,1,0
1015,hsa-miR-1255b-2-3p,AACCACUUUCUUUGCUCAUCCA,0,0,0,0,1,0
1016,hsa-miR-873-5p,GCAGGAACUUGUGAGUCUCCU,1,1,0,1,0,1
1017,hsa-miR-548aj-5p,UGCAAAAGUAAUUGCAGUUUUUG,0,0,0,0,1,0
1018,hsa-miR-454-5p,ACCCUAUCAAUAUUGUCUCUGC,1,0,0,0,0,0
1019,hsa-miR-199a-5p,CCCAGUGUUCAGACUACCUGUUC,1,1,1,0,1,1
1020,hsa-miR-130b-3p,CAGUGCAAUGAUGAAAGGGCAU,1,1,1,1,1,1
1021,hsa-miR-103a-2-5p,AGCUUCUUUACAGUGCUGCCUUG,1,0,1,0,1,1
1022,hsa-miR-24-1-5p,UGCCUACUGAGCUGAUAUCAGU,1,0,0,1,0,1
1023,hsa-miR-323b-3p,CCCAAUACACGGUCGACCUCUU,1,0,0,0,1,0
1024,hsa-miR-613,AGGAAUGUUCCUUCUUUGCC,1,0,0,0,0,0
1025,hsa-miR-921,CUAGUGAGGGACAGAACCAGGAUUC,1,0,0,0,0,0
1026,hsa-miR-410-3p,AAUAUAACACAGAUGGCCUGU,1,0,1,0,1,0
1027,hsa-miR-30c-1-3p,CUGGGAGAGGGUUGUUUACUCC,1,0,0,0,1,1
1028,hsa-miR-662,UCCCACGUUGUGGCCCAGCAG,1,0,0,0,0,0
1029,hsa-miR-377-3p,AUCACACAAAGGCAACUUUUGU,1,0,0,0,1,0
1030,hsa-miR-3202,UGGAAGGGAGAAGAGCUUUAAU,1,0,0,0,0,0
1031,hsa-miR-3074-5p,GUUCCUGCUGAACUGAGCCAG,1,0,0,0,0,0
1032,hsa-miR-205-5p,UCCUUCAUUCCACCGGAGUCUG,1,1,0,1,1,1
1033,hsa-miR-323a-5p,AGGUGGUCCGUGGCGCGUUCGC,1,0,0,0,0,0
1034,hsa-miR-3177-3p,UGCACGGCACUGGGGACACGU,0,0,1,0,0,1
1035,hsa-miR-661,UGCCUGGGUCUCUGGCCUGCGCGU,1,0,0,0,0,0
1036,hsa-miR-511-5p,GUGUCUUUUGCUCUGCAGUCA,1,0,0,0,0,0
1037,hsa-miR-1225-3p,UGAGCCCCUGUGCCGCCCCCAG,1,0,0,0,0,0
1038,hsa-miR-1273f,GGAGAUGGAGGUUGCAGUG,0,0,1,0,0,0
1039,hsa-miR-194-5p,UGUAACAGCAACUCCAUGUGGA,1,1,1,1,1,1
1040,hsa-miR-3928-3p,GGAGGAACCUUGGAGCUUCGGC,1,0,0,0,0,0
1041,hsa-miR-181a-3p,ACCAUCGACCGUUGAUUGUACC,1,0,1,1,1,0
1042,hsa-miR-373-5p,ACUCAAAAUGGGGGCGCUUUCC,1,0,0,0,0,0
1043,hsa-miR-4728-5p,UGGGAGGGGAGAGGCAGCAAGCA,0,0,1,0,0,0
1044,hsa-miR-623,AUCCCUUGCAGGGGCUGUUGGGU,1,0,0,0,0,0
1045,hsa-miR-2861,GGGGCCUGGCGGUGGGCGG,0,0,0,1,0,0
1046,hsa-miR-146b-5p,UGAGAACUGAAUUCCAUAGGCU,1,1,1,1,1,1
1047,hsa-miR-378c,ACUGGACUUGGAGUCAGAAGAGUGG,1,0,1,1,1,1