id,name,seq,Exosome,Cytoplasm,Mitochondrion,Microvesicle,Circulating,Nucleus
2,hsa-let-7d,AGAGGUAGUAGGUUGCAUAGU,0,1,0,1,0,0
3,hsa-let-7e,UGAGGUAGGAGGUUGUAUAGU,0,0,0,0,0,1
4,hsa-miR-17-5p,CAAAGUGCUUACAGUGCAGGUAGU,1,1,1,1,1,1
5,hsa-miR-17-3p,ACUGCAGUGAAGGCACUUGU,1,0,1,1,1,0
10,mmu-miR-129-5p,CUUUUUGCGGUCUGGGCUUGCU,1,0,0,0,0,0
11,hsa-miR-198,GGUCCAGAGGGGAGAUAGG,1,0,1,0,0,0
12,mmu-miR-207,GCUUCUCCUGGCUCUCCUCCCUC,1,0,0,0,0,0
13,hsa-miR-217,UACUGCAUCAGGAACUGAUUGGAU,1,0,0,0,0,1
14,dme-bantam,UGAGAUCAUUUUGAAAGCUGAUU,0,0,0,0,0,1
15,mmu-miR-291a-5p,CAUCAAAGUGGAGGCCCUCUCU,1,0,0,0,0,0
16,mmu-miR-291a-3p,AAAGUGCUUCCACUUUGUGUGCC,0,0,0,1,0,0
17,hsa-let-7g,UGAGGUAGUAGUUUGUACAGU,0,1,0,1,0,0
18,hsa-let-7i,UGAGGUAGUAGUUUGUGCUGU,0,1,0,1,0,1
19,hsa-miR-137,UAUUGCUUAAGAAUACGCGUAG,1,0,0,0,0,1
20,hsa-miR-142-5p,CAUAAAGUAGAAAGCACUAC,1,0,0,1,1,0
25,rno-miR-324-3p,CCACUGCCCCAGGUGCUGCUGG,0,1,0,0,0,0
26,mmu-miR-324-5p,CGCAUCCCCUAGGGCAUUGGUG,1,0,0,0,0,0
27,mmu-miR-324-3p,CCACUGCCCCAGGUGCUGCUGG,1,0,0,0,0,0
28,rno-miR-327,CCUUGAGGGGCAUGAGGGU,0,0,0,0,1,0
30,rno-miR-346,UGUCUGCCUGAGUGCCUGCCUCU,0,1,0,0,0,0
31,rno-miR-347,UGUCCCUCUGGGUCGCCCA,1,1,0,0,0,0
32,rno-miR-352,AGAGUAGUAGGUUGCAUAGUA,0,0,0,0,1,0
33,mmu-miR-17-5p,CAAAGUGCUUACAGUGCAGGUAGU,1,0,0,0,0,0
34,mmu-miR-17-3p,ACUGCAGUGAGGGCACUUGUA,1,0,0,0,0,0
37,hsa-miR-30e-5p,UGUAAACAUCCUUGACUGGA,1,1,1,1,1,1
47,hsa-miR-324-3p,CCACUGCCCCAGGUGCUGCUGG,1,1,1,0,1,1
48,hsa-miR-133b,UUGGUCCCCUUCAACCAGCUA,1,0,1,1,1,0
53,rno-miR-290,CUCAAACUAUGGGGGCACUUUUU,0,0,0,0,1,0
54,rno-miR-292-5p,ACUCAAACUGGGGGCUCUUUUG,0,0,0,0,1,0
57,hsa-miR-422a,CUGGACUUAGGGUCAGAAGGCC,1,0,0,0,1,0
59,hsa-miR-425-3p,AUCGGGAAUGUCGUGUCCGCC,1,0,1,1,1,0
61,mmu-miR-434-5p,AGCUCGACUCAUGGUUUGAACC,0,0,1,0,0,0
62,mmu-miR-434-3p,UUUGAACCAUCACUCGACUCC,1,0,0,0,0,0
65,hcmv-miR-UL148D,UCGUCCUCCCCUUCUUCACCG,1,0,0,0,0,0
67,hsa-miR-409-5p,AGGUUACCCGAGCAACUUUGCA,1,0,0,1,1,0
68,hsa-miR-409-3p,CGAAUGUUGCUCGGUGAACCCCU,1,0,1,1,1,0
69,ssc-miR-106a,AAAAGUGCUUACAGUGCAGGUAGC,1,0,0,0,0,0
71,ssc-miR-15b,CCGCAGCACAUCAUGGUUUACA,1,0,0,0,0,0
72,ssc-miR-181b,AACAUUCAUUGCUGUCGGUGGGUU,1,0,0,0,0,0
76,ssc-miR-29b,UAGCACCAUUUGAAAUCAGU,1,0,0,0,0,0
77,ssc-miR-323,GCACAUUACACGGUCGACCUCU,1,0,0,0,0,0
79,ssc-miR-7,UGGAAGACUAGUGAUUUUGUU,1,0,0,0,0,0
81,ssc-miR-183,UAUGGCACUGGUAGAAUUCACUG,1,0,0,0,0,0
86,ssc-let-7i,UGAGGUAGUAGUUUGUGCU,1,0,0,0,0,0
89,ssc-miR-124a,UUAAGGCACGCGGUGAAUGCCA,1,0,0,0,0,0
90,ssc-miR-186,CAAAGAAUUCUCCUUUUGGGCUU,1,0,0,0,0,0
101,hsa-miR-493-3p,UGAAGGUCUACUGUGUGCCAG,1,0,0,1,0,0
102,hsa-miR-496,AUUACAUGGCCAAUCUC,1,0,0,0,0,0
108,hsa-miR-515-3p,GAGUGCCUUCUUUUGGAGCGU,1,0,0,0,1,0
111,hsa-miR-526a,CUCUAGAGGGAAGCACUUUCU,1,0,0,0,0,0
113,hsa-miR-527,CUGCAAAGGGAAGCCCUUUCU,1,0,0,0,0,0
116,rno-miR-207,GCUUCUCCUGGCUCUCCUCCCUU,1,1,0,0,0,0
118,mmu-miR-546,AUGGUGGCACGGAGUC,1,0,0,0,0,0
119,mmu-miR-542-5p,CUCGGGGAUCAUCAUGUCACG,1,0,0,0,0,0
121,rno-miR-542-3p,UGUGACAGAUUGAUAACUGAA,0,1,0,0,0,0
122,mmu-miR-291b-5p,GAUCAAAGUGGAGGCCCUCUC,1,0,0,0,0,0
161,hsa-miR-636,UGUGCUUGCUCGUCCCGCCCGCAG,1,0,0,0,1,1
179,hsa-miR-542-5p,UCGGGGAUCAUCAUGUCACGAG,1,0,1,0,0,1
181,sv40-miR-S1-5p,UGAGGGGCCUGAAAUGAGCCUU,1,0,0,0,0,0
185,hsa-miR-454-3p,UAGUGCAAUAUUGCUUAUAGGGUUU,1,1,0,0,1,1
188,mmu-miR-762,GGGGCUGGGGCCGGGACAGAGC,0,0,1,0,0,1
189,mmu-miR-761,GCAGCAGGGUGAAACUGACACA,1,0,1,0,0,0
190,mmu-miR-763,CCAGCUGGGAAGAACCAGUGGC,0,0,1,0,0,0
191,mmu-miR-680,GGGCAUCUGCUGACAUGGGGG,1,0,1,0,0,0
192,mmu-miR-682,CUGCAGUCACAGUGAAGUCUG,1,0,1,0,0,0
193,mmu-miR-683,CCUGCUGUAAGCUGUGUCCUC,1,0,0,0,0,0
194,mmu-miR-690,AAAGGCUAGGCUCACAACCAAA,1,0,1,0,0,1
195,mmu-miR-692,AUCUCUUUGAGCGCCUCACUC,1,0,0,0,0,0
196,mmu-miR-696,GCGUGUGCUUGCUGUGGG,0,0,1,0,0,0
198,mmu-miR-703,AAAACCUUCAGAAGGAAAGAA,1,0,1,0,0,0
199,mmu-miR-704,AGACAUGUGCUCUGCUCCUAG,1,0,0,0,0,0
200,mmu-miR-705,GGUGGGAGGUGGGGUGGGCA,0,0,1,0,0,1
201,mmu-miR-706,AGAGAAACCCUGUCUCAAAAAA,1,0,0,0,0,0
202,mmu-miR-709,GGAGGCAGAGGCAGGAGGA,1,0,1,0,0,1
203,mmu-miR-711,GGGACCCGGGGAGAGAUGUAAG,1,0,1,0,0,1
204,mmu-miR-721,CAGUGCAAUUAAAAGGGGGAA,0,0,1,0,0,0
221,mdo-miR-375,UUUUGUUCGUUCGGCUCGCGUGA,1,0,0,0,0,0